FREQ,FREQ_LABEL,REF_AREA,REF_AREA_LABEL,INDICATOR,INDICATOR_LABEL,UNIT_MEASURE,UNIT_MEASURE_LABEL,AGG_METHOD,AGG_METHOD_LABEL,DATABASE_ID,DATABASE_ID_LABEL,UNIT_MULT,UNIT_MULT_LABEL,OBS_STATUS,OBS_STATUS_LABEL,OBS_CONF,OBS_CONF_LABEL,2007,2008,2009,2010,2011,2012,2013,2014,2015,2016,2017,2018,2019,2020,2021,2022,2023,2024
A,Annual,ABW,Aruba,ITU_DH_POP_COV_3G,"Population coverage, at least 3G",PT_POP,Percentage of population,MEAN,Mean,ITU_DH,ICT Indicators Database,0,Units,A,Normal value,PU,Public,,,,,,,,0.0,80.0,95.0,,,95.0,95.0,95.0,95.0,,
A,Annual,AFE,Africa Eastern and Southern,ITU_DH_POP_COV_3G,"Population coverage, at least 3G",PT_POP,Percentage of population,MEAN,Mean,ITU_DH,ICT Indicators Database,0,Units,A,Normal value,PU,Public,,,,,,41.01611111111111,54.1575,49.115833333333335,54.445,60.35961538461538,69.93769230769232,76.23869565217392,78.6892,80.83800000000001,81.11423076923076,82.12038461538462,85.49347826086957,94.75722222222224
A,Annual,AFG,Afghanistan,ITU_DH_POP_COV_3G,"Population coverage, at least 3G",PT_POP,Percentage of population,MEAN,Mean,ITU_DH,ICT Indicators Database,0,Units,A,Normal value,PU,Public,,,,,,,28.0,35.0,32.0,24.0,46.0,55.0,57.0,57.0,58.0,65.18,67.0,
A,Annual,AFW,Africa Western and Central,ITU_DH_POP_COV_3G,"Population coverage, at least 3G",PT_POP,Percentage of population,MEAN,Mean,ITU_DH,ICT Indicators Database,0,Units,A,Normal value,PU,Public,,,,,,,,30.382105263157893,40.28657142857143,47.9165,56.01777777777778,64.59470588235294,65.86954545454545,67.68545454545455,71.42997727272729,74.65227272727272,85.24564117647058,
A,Annual,AGO,Angola,ITU_DH_POP_COV_3G,"Population coverage, at least 3G",PT_POP,Percentage of population,MEAN,Mean,ITU_DH,ICT Indicators Database,0,Units,A,Normal value,PU,Public,,,,,40.0,47.0,53.0,46.0,60.67,62.0,85.0,85.0,85.0,77.5,79.85,80.9,83.9,85.66
A,Annual,ALB,Albania,ITU_DH_POP_COV_3G,"Population coverage, at least 3G",PT_POP,Percentage of population,MEAN,Mean,ITU_DH,ICT Indicators Database,0,Units,A,Normal value,PU,Public,,,,,85.6,99.0,99.0,99.0,99.0,99.0,99.2,99.2,99.2,99.2,99.2,99.0,99.6,99.6
A,Annual,AND,Andorra,ITU_DH_POP_COV_3G,"Population coverage, at least 3G",PT_POP,Percentage of population,MEAN,Mean,ITU_DH,ICT Indicators Database,0,Units,A,Normal value,PU,Public,,,95.3,95.3,95.3,95.3,95.3,95.3,97.0,97.0,98.0,98.0,98.0,99.5,99.5,99.5,99.5,99.5
A,Annual,ARB,Arab World,ITU_DH_POP_COV_3G,"Population coverage, at least 3G",PT_POP,Percentage of population,MEAN,Mean,ITU_DH,ICT Indicators Database,0,Units,A,Normal value,PU,Public,,,,50.61071428571428,59.38666666666666,68.86529411764707,67.07066666666667,59.9175,70.05863636363637,79.20090909090908,82.6,87.78299999999999,87.40714285714286,88.3347619047619,88.70772727272727,90.35318181818182,93.8822222222222,
A,Annual,ARE,United Arab Emirates,ITU_DH_POP_COV_3G,"Population coverage, at least 3G",PT_POP,Percentage of population,MEAN,Mean,ITU_DH,ICT Indicators Database,0,Units,A,Normal value,PU,Public,,,,100.0,100.0,100.0,100.0,100.0,100.0,100.0,100.0,100.0,100.0,100.0,100.0,100.0,100.0,100.0
A,Annual,ARG,Argentina,ITU_DH_POP_COV_3G,"Population coverage, at least 3G",PT_POP,Percentage of population,MEAN,Mean,ITU_DH,ICT Indicators Database,0,Units,A,Normal value,PU,Public,,,,,,72.05,77.68,80.0,90.0,95.0,95.0,95.0,95.0,98.5,98.5,98.5,98.5,98.5
A,Annual,ARM,Armenia,ITU_DH_POP_COV_3G,"Population coverage, at least 3G",PT_POP,Percentage of population,MEAN,Mean,ITU_DH,ICT Indicators Database,0,Units,A,Normal value,PU,Public,,,81.1,93.0,95.0,96.3,97.68,98.8,99.9,100.0,100.0,100.0,100.0,100.0,100.0,100.0,100.0,100.0
A,Annual,ASM,American Samoa,ITU_DH_POP_COV_3G,"Population coverage, at least 3G",PT_POP,Percentage of population,MEAN,Mean,ITU_DH,ICT Indicators Database,0,Units,A,Normal value,PU,Public,,,,,,,,,,92.67,,,92.67,92.67,92.67,92.67,,
A,Annual,ATG,Antigua and Barbuda,ITU_DH_POP_COV_3G,"Population coverage, at least 3G",PT_POP,Percentage of population,MEAN,Mean,ITU_DH,ICT Indicators Database,0,Units,A,Normal value,PU,Public,,,0.0,0.0,0.0,98.0,98.0,98.0,98.0,99.0,99.0,,99.0,99.0,99.0,99.0,,
A,Annual,AUS,Australia,ITU_DH_POP_COV_3G,"Population coverage, at least 3G",PT_POP,Percentage of population,MEAN,Mean,ITU_DH,ICT Indicators Database,0,Units,A,Normal value,PU,Public,,98.8,99.0,99.0,99.0,99.0,99.0,99.0,99.0,99.3,99.4,99.4,99.5,99.5,99.5,99.5,99.6,99.7
A,Annual,AUT,Austria,ITU_DH_POP_COV_3G,"Population coverage, at least 3G",PT_POP,Percentage of population,MEAN,Mean,ITU_DH,ICT Indicators Database,0,Units,A,Normal value,PU,Public,84.0,,96.0,96.0,96.0,96.0,96.0,97.0,98.0,98.0,98.0,98.0,98.0,98.0,98.0,98.0,98.0,98.0
A,Annual,AZE,Azerbaijan,ITU_DH_POP_COV_3G,"Population coverage, at least 3G",PT_POP,Percentage of population,MEAN,Mean,ITU_DH,ICT Indicators Database,0,Units,A,Normal value,PU,Public,,,32.2,69.2,89.3,96.5,96.9,97.1,95.47,95.5,96.3,97.1,97.6,97.6,99.5,99.8,100.0,100.0
A,Annual,BDI,Burundi,ITU_DH_POP_COV_3G,"Population coverage, at least 3G",PT_POP,Percentage of population,MEAN,Mean,ITU_DH,ICT Indicators Database,0,Units,A,Normal value,PU,Public,,,0.0,,,,,0.0,0.0,11.0,39.02,44.48,48.0,50.6,50.6,50.6,53.2,
A,Annual,BEL,Belgium,ITU_DH_POP_COV_3G,"Population coverage, at least 3G",PT_POP,Percentage of population,MEAN,Mean,ITU_DH,ICT Indicators Database,0,Units,A,Normal value,PU,Public,85.0,89.9,96.7,97.0,97.0,99.5,99.5,99.5,100.0,100.0,100.0,100.0,100.0,100.0,100.0,100.0,100.0,100.0
A,Annual,BEN,Benin,ITU_DH_POP_COV_3G,"Population coverage, at least 3G",PT_POP,Percentage of population,MEAN,Mean,ITU_DH,ICT Indicators Database,0,Units,A,Normal value,PU,Public,0.0,0.0,0.0,0.0,0.0,0.0,25.0,30.0,45.0,45.0,65.0,80.0,80.0,80.0,80.0,82.0,85.0,85.0
A,Annual,BFA,Burkina Faso,ITU_DH_POP_COV_3G,"Population coverage, at least 3G",PT_POP,Percentage of population,MEAN,Mean,ITU_DH,ICT Indicators Database,0,Units,A,Normal value,PU,Public,0.0,0.0,0.0,,,,,0.0,10.0,23.0,28.2,33.0,48.4,48.4,53.2,58.04,,
A,Annual,BGD,Bangladesh,ITU_DH_POP_COV_3G,"Population coverage, at least 3G",PT_POP,Percentage of population,MEAN,Mean,ITU_DH,ICT Indicators Database,0,Units,A,Normal value,PU,Public,,,,,,1.0,21.79,59.1,71.0,91.4,92.79,95.23,95.4,97.8,98.2,98.5,98.93,99.72
A,Annual,BGR,Bulgaria,ITU_DH_POP_COV_3G,"Population coverage, at least 3G",PT_POP,Percentage of population,MEAN,Mean,ITU_DH,ICT Indicators Database,0,Units,A,Normal value,PU,Public,49.03,75.69,82.05,93.43,97.81,99.46,99.81,99.88,99.95,99.98,99.99,99.99,99.99,99.99,99.99,99.99,99.99,99.99
A,Annual,BHR,Bahrain,ITU_DH_POP_COV_3G,"Population coverage, at least 3G",PT_POP,Percentage of population,MEAN,Mean,ITU_DH,ICT Indicators Database,0,Units,A,Normal value,PU,Public,,,100.0,100.0,100.0,100.0,100.0,97.9,97.9,100.0,100.0,100.0,100.0,100.0,100.0,100.0,100.0,100.0
A,Annual,BHS,"Bahamas, The",ITU_DH_POP_COV_3G,"Population coverage, at least 3G",PT_POP,Percentage of population,MEAN,Mean,ITU_DH,ICT Indicators Database,0,Units,A,Normal value,PU,Public,,,,,,34.68,46.05,98.0,98.0,98.0,98.0,98.0,98.0,98.0,98.0,98.0,98.0,98.0
A,Annual,BIH,Bosnia and Herzegovina,ITU_DH_POP_COV_3G,"Population coverage, at least 3G",PT_POP,Percentage of population,MEAN,Mean,ITU_DH,ICT Indicators Database,0,Units,A,Normal value,PU,Public,,,25.0,60.0,70.0,72.0,90.0,95.0,95.0,95.0,95.0,95.0,95.0,95.0,97.0,99.0,98.0,98.0
A,Annual,BLR,Belarus,ITU_DH_POP_COV_3G,"Population coverage, at least 3G",PT_POP,Percentage of population,MEAN,Mean,ITU_DH,ICT Indicators Database,0,Units,A,Normal value,PU,Public,0.0,,59.3,67.0,80.0,87.4,89.1,95.7,95.7,98.7,99.9,99.9,99.9,99.9,99.9,99.9,99.9,99.9
A,Annual,BLZ,Belize,ITU_DH_POP_COV_3G,"Population coverage, at least 3G",PT_POP,Percentage of population,MEAN,Mean,ITU_DH,ICT Indicators Database,0,Units,A,Normal value,PU,Public,,,,,,65.85,75.28,81.81,88.9,,90.0,93.0,98.0,98.0,98.0,98.02,,
A,Annual,BMU,Bermuda,ITU_DH_POP_COV_3G,"Population coverage, at least 3G",PT_POP,Percentage of population,MEAN,Mean,ITU_DH,ICT Indicators Database,0,Units,A,Normal value,PU,Public,,,,,,98.34,99.0,99.0,99.0,99.68,99.7,99.7,99.7,99.7,99.7,99.85,,99.85
A,Annual,BOL,Bolivia,ITU_DH_POP_COV_3G,"Population coverage, at least 3G",PT_POP,Percentage of population,MEAN,Mean,ITU_DH,ICT Indicators Database,0,Units,A,Normal value,PU,Public,,,,,2.0,5.0,12.0,27.0,27.0,74.48,81.82,82.87,91.48,91.48,87.75,91.48,,95.0
A,Annual,BRA,Brazil,ITU_DH_POP_COV_3G,"Population coverage, at least 3G",PT_POP,Percentage of population,MEAN,Mean,ITU_DH,ICT Indicators Database,0,Units,A,Normal value,PU,Public,,,55.0,67.05,81.63,85.98,88.66,92.2,93.53,95.17,95.52,95.52,91.13,90.11,90.15,92.36,93.39,92.65
A,Annual,BRB,Barbados,ITU_DH_POP_COV_3G,"Population coverage, at least 3G",PT_POP,Percentage of population,MEAN,Mean,ITU_DH,ICT Indicators Database,0,Units,A,Normal value,PU,Public,,,,,20.0,40.71,100.0,98.0,98.0,100.0,99.6,99.6,99.6,99.6,100.0,100.0,,
A,Annual,BRN,Brunei Darussalam,ITU_DH_POP_COV_3G,"Population coverage, at least 3G",PT_POP,Percentage of population,MEAN,Mean,ITU_DH,ICT Indicators Database,0,Units,A,Normal value,PU,Public,,,,,,80.79,87.79,90.0,91.0,92.45,92.68,95.94,95.98,96.0,96.64,98.64,99.07,99.07
A,Annual,BTN,Bhutan,ITU_DH_POP_COV_3G,"Population coverage, at least 3G",PT_POP,Percentage of population,MEAN,Mean,ITU_DH,ICT Indicators Database,0,Units,A,Normal value,PU,Public,,,,14.98,32.5,33.6,54.7,60.0,80.0,85.0,88.0,90.0,95.0,95.0,95.0,97.0,97.0,97.0
A,Annual,BWA,Botswana,ITU_DH_POP_COV_3G,"Population coverage, at least 3G",PT_POP,Percentage of population,MEAN,Mean,ITU_DH,ICT Indicators Database,0,Units,A,Normal value,PU,Public,,,,,40.0,45.0,68.24,78.0,82.0,84.0,80.0,95.0,96.0,97.0,98.0,98.0,98.0,98.0
A,Annual,CAF,Central African Republic,ITU_DH_POP_COV_3G,"Population coverage, at least 3G",PT_POP,Percentage of population,MEAN,Mean,ITU_DH,ICT Indicators Database,0,Units,A,Normal value,PU,Public,,,,,,0.0,20.0,23.0,23.0,23.0,30.63,37.46,40.87,40.87,47.6295,57.77,59.5959,
A,Annual,CAN,Canada,ITU_DH_POP_COV_3G,"Population coverage, at least 3G",PT_POP,Percentage of population,MEAN,Mean,ITU_DH,ICT Indicators Database,0,Units,A,Normal value,PU,Public,78.0,,96.0,98.0,99.0,99.0,99.0,99.0,99.3,99.4,99.4,99.5,99.5,99.5,99.5,99.6,99.7,99.7
A,Annual,CEB,Central Electricity Board (CEB),ITU_DH_POP_COV_3G,"Population coverage, at least 3G",PT_POP,Percentage of population,MEAN,Mean,ITU_DH,ICT Indicators Database,0,Units,A,Normal value,PU,Public,,70.61500000000001,77.54799999999999,77.559,81.285,88.67454545454545,94.84099999999998,98.15727272727273,98.44454545454543,98.89636363636365,99.15272727272726,99.284,99.49818181818182,99.7009090909091,99.71363636363635,99.68090909090908,99.67545454545451,99.71099999999998
A,Annual,CHE,Switzerland,ITU_DH_POP_COV_3G,"Population coverage, at least 3G",PT_POP,Percentage of population,MEAN,Mean,ITU_DH,ICT Indicators Database,0,Units,A,Normal value,PU,Public,91.0,93.0,94.0,96.0,97.0,97.0,99.0,100.0,100.0,100.0,100.0,100.0,100.0,100.0,100.0,100.0,100.0,100.0
A,Annual,CHL,Chile,ITU_DH_POP_COV_3G,"Population coverage, at least 3G",PT_POP,Percentage of population,MEAN,Mean,ITU_DH,ICT Indicators Database,0,Units,A,Normal value,PU,Public,,,,,,,,50.0,90.0,95.0,95.0,95.0,95.0,95.0,95.0,95.0,98.0,98.0
A,Annual,CHN,China,ITU_DH_POP_COV_3G,"Population coverage, at least 3G",PT_POP,Percentage of population,MEAN,Mean,ITU_DH,ICT Indicators Database,0,Units,A,Normal value,PU,Public,,,,,,,,43.59,95.0,98.0,98.0,99.4,99.9,99.9,99.9,99.9,100.0,100.0
A,Annual,CIV,Cote d'Ivoire,ITU_DH_POP_COV_3G,"Population coverage, at least 3G",PT_POP,Percentage of population,MEAN,Mean,ITU_DH,ICT Indicators Database,0,Units,A,Normal value,PU,Public,,,0.0,0.0,0.0,35.0,,43.56,45.75,56.25,67.0,72.9,94.2,94.6,96.36,97.2,98.1,98.3
A,Annual,CMR,Cameroon,ITU_DH_POP_COV_3G,"Population coverage, at least 3G",PT_POP,Percentage of population,MEAN,Mean,ITU_DH,ICT Indicators Database,0,Units,A,Normal value,PU,Public,,,,,,,,,,,,,50.0,60.0,65.0,70.0,75.0,
A,Annual,COD,"Congo, Dem. Rep.",ITU_DH_POP_COV_3G,"Population coverage, at least 3G",PT_POP,Percentage of population,MEAN,Mean,ITU_DH,ICT Indicators Database,0,Units,A,Normal value,PU,Public,,,0.0,0.0,0.0,20.0,20.0,20.0,20.0,20.0,40.0,50.0,54.0,54.0,55.0,55.0,55.0,
A,Annual,COG,"Congo, Rep.",ITU_DH_POP_COV_3G,"Population coverage, at least 3G",PT_POP,Percentage of population,MEAN,Mean,ITU_DH,ICT Indicators Database,0,Units,A,Normal value,PU,Public,,,,,,21.96,31.72,50.0,50.0,64.5,,,64.5,64.5,87.0,87.01,83.4,
A,Annual,COL,Colombia,ITU_DH_POP_COV_3G,"Population coverage, at least 3G",PT_POP,Percentage of population,MEAN,Mean,ITU_DH,ICT Indicators Database,0,Units,A,Normal value,PU,Public,,,,,,100.0,100.0,100.0,100.0,100.0,100.0,100.0,100.0,100.0,100.0,100.0,100.0,100.0
A,Annual,COM,Comoros,ITU_DH_POP_COV_3G,"Population coverage, at least 3G",PT_POP,Percentage of population,MEAN,Mean,ITU_DH,ICT Indicators Database,0,Units,A,Normal value,PU,Public,,,,,,,,,72.96,76.8,89.83,89.83,79.87,84.0,87.0,87.0,94.0,
A,Annual,CPV,Cabo Verde,ITU_DH_POP_COV_3G,"Population coverage, at least 3G",PT_POP,Percentage of population,MEAN,Mean,ITU_DH,ICT Indicators Database,0,Units,A,Normal value,PU,Public,,,,,50.0,80.0,,76.5,86.8,87.6,91.07,91.07,93.74,93.74,93.82,93.82,94.16,95.26
A,Annual,CRI,Costa Rica,ITU_DH_POP_COV_3G,"Population coverage, at least 3G",PT_POP,Percentage of population,MEAN,Mean,ITU_DH,ICT Indicators Database,0,Units,A,Normal value,PU,Public,,,44.85,,,43.03,57.14,,93.4,97.1,97.3,97.31,97.7,94.0,91.0,91.0,95.0,95.0
A,Annual,CSS,Caribbean small states,ITU_DH_POP_COV_3G,"Population coverage, at least 3G",PT_POP,Percentage of population,MEAN,Mean,ITU_DH,ICT Indicators Database,0,Units,A,Normal value,PU,Public,,,,,,38.03428571428572,58.84666666666667,62.52818181818181,77.72727272727273,96.31666666666666,95.665,96.76666666666668,96.465,97.98,98.06363636363636,98.06545454545454,,
A,Annual,CUB,Cuba,ITU_DH_POP_COV_3G,"Population coverage, at least 3G",PT_POP,Percentage of population,MEAN,Mean,ITU_DH,ICT Indicators Database,0,Units,A,Normal value,PU,Public,,,,,,,0.0,0.0,0.0,0.0,47.0,67.0,68.0,70.52,73.04,74.29,74.57,74.67
A,Annual,CUW,Curacao,ITU_DH_POP_COV_3G,"Population coverage, at least 3G",PT_POP,Percentage of population,MEAN,Mean,ITU_DH,ICT Indicators Database,0,Units,A,Normal value,PU,Public,,,,,,65.85,75.28,81.81,82.0,95.0,100.0,100.0,100.0,100.0,100.0,99.0,99.0,
A,Annual,CYM,Cayman Islands,ITU_DH_POP_COV_3G,"Population coverage, at least 3G",PT_POP,Percentage of population,MEAN,Mean,ITU_DH,ICT Indicators Database,0,Units,A,Normal value,PU,Public,,,,,100.0,100.0,100.0,100.0,100.0,100.0,100.0,,100.0,100.0,100.0,100.0,,
A,Annual,CYP,Cyprus,ITU_DH_POP_COV_3G,"Population coverage, at least 3G",PT_POP,Percentage of population,MEAN,Mean,ITU_DH,ICT Indicators Database,0,Units,A,Normal value,PU,Public,,,85.0,85.0,85.3,85.3,90.0,90.01,90.01,99.97,99.97,99.97,99.97,99.93,99.93,100.0,100.0,100.0
A,Annual,CZE,Czechia,ITU_DH_POP_COV_3G,"Population coverage, at least 3G",PT_POP,Percentage of population,MEAN,Mean,ITU_DH,ICT Indicators Database,0,Units,A,Normal value,PU,Public,,84.0,90.4,90.4,87.0,90.1,90.3,98.4,99.0,99.7,99.8,99.8,99.8,99.8,99.8,99.8,99.8,99.8
A,Annual,DEU,Germany,ITU_DH_POP_COV_3G,"Population coverage, at least 3G",PT_POP,Percentage of population,MEAN,Mean,ITU_DH,ICT Indicators Database,0,Units,A,Normal value,PU,Public,,80.0,,,89.0,90.0,92.0,92.5,95.7,,,,99.0,99.64,99.83,99.9,99.96,99.97
A,Annual,DJI,Djibouti,ITU_DH_POP_COV_3G,"Population coverage, at least 3G",PT_POP,Percentage of population,MEAN,Mean,ITU_DH,ICT Indicators Database,0,Units,A,Normal value,PU,Public,,,0.0,0.0,0.0,,,0.0,0.0,57.61,70.0,70.0,75.0,75.0,90.0,90.0,90.0,
A,Annual,DMA,Dominica,ITU_DH_POP_COV_3G,"Population coverage, at least 3G",PT_POP,Percentage of population,MEAN,Mean,ITU_DH,ICT Indicators Database,0,Units,A,Normal value,PU,Public,,,,0.0,,,,0.0,60.0,95.0,95.0,95.0,95.0,97.0,100.0,100.0,,
A,Annual,DNK,Denmark,ITU_DH_POP_COV_3G,"Population coverage, at least 3G",PT_POP,Percentage of population,MEAN,Mean,ITU_DH,ICT Indicators Database,0,Units,A,Normal value,PU,Public,,97.0,,,,70.1,73.6,99.5,99.99,100.0,100.0,100.0,100.0,100.0,100.0,100.0,100.0,100.0
A,Annual,DOM,Dominican Republic,ITU_DH_POP_COV_3G,"Population coverage, at least 3G",PT_POP,Percentage of population,MEAN,Mean,ITU_DH,ICT Indicators Database,0,Units,A,Normal value,PU,Public,,,,,,,,80.0,98.8,98.95,99.15,99.23,99.46,99.5,99.5,98.7,98.7,98.7
A,Annual,DZA,Algeria,ITU_DH_POP_COV_3G,"Population coverage, at least 3G",PT_POP,Percentage of population,MEAN,Mean,ITU_DH,ICT Indicators Database,0,Units,A,Normal value,PU,Public,,,,,,,6.0,23.23,46.0,83.36,90.0,97.45,97.72,98.97,98.18,98.07,98.18,
A,Annual,EAP,East Asia & Pacific (excluding high income),ITU_DH_POP_COV_3G,"Population coverage, at least 3G",PT_POP,Percentage of population,MEAN,Mean,ITU_DH,ICT Indicators Database,0,Units,A,Normal value,PU,Public,,,,,,,,55.13421052631579,65.2325,74.04368421052631,79.92526315789473,87.821875,81.852,82.5215,82.66749999999999,86.46809523809523,92.74357142857144,93.9592857142857
A,Annual,EAR,Early-demographic dividend,ITU_DH_POP_COV_3G,"Population coverage, at least 3G",PT_POP,Percentage of population,MEAN,Mean,ITU_DH,ICT Indicators Database,0,Units,A,Normal value,PU,Public,,,,,,47.715348837209305,55.73073170731708,59.80098360655738,69.19540322580644,77.304,81.98372881355932,87.03735849056604,86.24393442622952,87.32311475409834,87.51693548387098,89.91870967741936,93.06839999999998,95.24840909090908
A,Annual,EAS,East Asia & Pacific,ITU_DH_POP_COV_3G,"Population coverage, at least 3G",PT_POP,Percentage of population,MEAN,Mean,ITU_DH,ICT Indicators Database,0,Units,A,Normal value,PU,Public,,,,,,,64.80434782608695,67.8140625,75.55411764705883,81.40606060606059,85.8744827586207,91.07458333333334,86.32114285714286,86.71857142857144,86.85314285714286,89.0452777777778,94.97125,95.78238095238096
A,Annual,ECA,Europe & Central Asia (excluding high income),ITU_DH_POP_COV_3G,"Population coverage, at least 3G",PT_POP,Percentage of population,MEAN,Mean,ITU_DH,ICT Indicators Database,0,Units,A,Normal value,PU,Public,,,,,,69.13533333333335,74.652,79.06823529411764,82.93138888888888,89.91777777777777,92.73117647058822,95.51785714285714,94.2529411764706,95.05294117647058,96.2238888888889,96.73611111111111,98.39866666666668,98.81499999999998
A,Annual,ECS,Europe & Central Asia,ITU_DH_POP_COV_3G,"Population coverage, at least 3G",PT_POP,Percentage of population,MEAN,Mean,ITU_DH,ICT Indicators Database,0,Units,A,Normal value,PU,Public,,,72.25258064516129,79.72857142857143,84.03394736842105,84.09510204081633,87.72511627906977,90.7825,91.904375,95.51545454545456,96.56444444444443,97.8032,97.58254545454548,97.952,98.40785714285714,98.59517857142858,99.21999999999998,99.35302325581397
A,Annual,ECU,Ecuador,ITU_DH_POP_COV_3G,"Population coverage, at least 3G",PT_POP,Percentage of population,MEAN,Mean,ITU_DH,ICT Indicators Database,0,Units,A,Normal value,PU,Public,,53.14,62.21,66.29,77.75,87.47,88.86,91.63,91.86,91.9,92.34,93.04,94.28,94.78,94.82,95.67,96.27,96.73
A,Annual,EGY,"Egypt, Arab Rep.",ITU_DH_POP_COV_3G,"Population coverage, at least 3G",PT_POP,Percentage of population,MEAN,Mean,ITU_DH,ICT Indicators Database,0,Units,A,Normal value,PU,Public,,,77.0,87.0,91.0,94.0,95.0,95.4,97.8,98.71,98.71,98.71,99.12,99.2,99.5,99.7,99.8,99.8
A,Annual,EMU,Euro area,ITU_DH_POP_COV_3G,"Population coverage, at least 3G",PT_POP,Percentage of population,MEAN,Mean,ITU_DH,ICT Indicators Database,0,Units,A,Normal value,PU,Public,,78.94545454545454,80.76923076923077,85.78,88.81176470588235,91.42,95.38875,97.053,97.9225,98.81,98.97894736842105,99.02,99.175,99.3305,99.347,99.398,99.6465,99.6729411764706
A,Annual,ERI,Eritrea,ITU_DH_POP_COV_3G,"Population coverage, at least 3G",PT_POP,Percentage of population,MEAN,Mean,ITU_DH,ICT Indicators Database,0,Units,A,Normal value,PU,Public,,,,,,,,,0.0,0.0,0.0,,,,35.0,40.0,,
A,Annual,ESP,Spain,ITU_DH_POP_COV_3G,"Population coverage, at least 3G",PT_POP,Percentage of population,MEAN,Mean,ITU_DH,ICT Indicators Database,0,Units,A,Normal value,PU,Public,,83.0,91.4,95.1,94.8,97.9,97.9,98.9,99.4,99.6,99.7,99.7,99.7,99.8,99.8,99.7,99.7,
A,Annual,EST,Estonia,ITU_DH_POP_COV_3G,"Population coverage, at least 3G",PT_POP,Percentage of population,MEAN,Mean,ITU_DH,ICT Indicators Database,0,Units,A,Normal value,PU,Public,,,85.0,95.0,97.0,97.0,100.0,100.0,100.0,99.0,100.0,100.0,100.0,100.0,100.0,100.0,100.0,100.0
A,Annual,ETH,Ethiopia,ITU_DH_POP_COV_3G,"Population coverage, at least 3G",PT_POP,Percentage of population,MEAN,Mean,ITU_DH,ICT Indicators Database,0,Units,A,Normal value,PU,Public,,,,,4.0,4.0,17.54,65.0,71.0,85.0,85.0,,85.0,85.0,85.0,98.53,98.35,98.8
A,Annual,EUU,European Union,ITU_DH_POP_COV_3G,"Population coverage, at least 3G",PT_POP,Percentage of population,MEAN,Mean,ITU_DH,ICT Indicators Database,0,Units,A,Normal value,PU,Public,,79.65235294117646,81.42526315789473,85.17476190476191,88.82304347826086,91.32115384615383,94.44428571428573,97.66407407407408,98.38074074074072,99.0780769230769,99.20576923076923,99.2524,99.35,99.46592592592594,99.47814814814816,99.51037037037038,99.6955555555556,99.73347826086956
A,Annual,FCS,Fragile and conflict affected situations,ITU_DH_POP_COV_3G,"Population coverage, at least 3G",PT_POP,Percentage of population,MEAN,Mean,ITU_DH,ICT Indicators Database,0,Units,A,Normal value,PU,Public,,,,,,,30.1565,35.25969696969697,40.608864864864856,50.28891891891893,55.85303030303031,66.49879999999999,64.16857142857143,65.44971428571428,67.84761842105264,71.99447368421052,77.22330384615385,
A,Annual,FIN,Finland,ITU_DH_POP_COV_3G,"Population coverage, at least 3G",PT_POP,Percentage of population,MEAN,Mean,ITU_DH,ICT Indicators Database,0,Units,A,Normal value,PU,Public,,80.0,,,95.0,,,95.0,99.9,99.9,99.9,99.9,99.9,99.9,99.9,99.99,99.99,99.99
A,Annual,FJI,Fiji,ITU_DH_POP_COV_3G,"Population coverage, at least 3G",PT_POP,Percentage of population,MEAN,Mean,ITU_DH,ICT Indicators Database,0,Units,A,Normal value,PU,Public,,,,,,,30.0,30.0,68.35,96.0,96.0,94.0,94.65,96.0,96.0,96.0,,93.0
A,Annual,FRA,France,ITU_DH_POP_COV_3G,"Population coverage, at least 3G",PT_POP,Percentage of population,MEAN,Mean,ITU_DH,ICT Indicators Database,0,Units,A,Normal value,PU,Public,,72.5,,91.0,98.0,98.0,,98.0,99.0,99.0,99.0,99.0,99.0,99.0,99.0,99.0,99.0,
A,Annual,FRO,Faroe Islands,ITU_DH_POP_COV_3G,"Population coverage, at least 3G",PT_POP,Percentage of population,MEAN,Mean,ITU_DH,ICT Indicators Database,0,Units,A,Normal value,PU,Public,,,,,,,,,96.0,98.0,100.0,100.0,99.99,100.0,100.0,100.0,,
A,Annual,FSM,"Micronesia, Fed. Sts.",ITU_DH_POP_COV_3G,"Population coverage, at least 3G",PT_POP,Percentage of population,MEAN,Mean,ITU_DH,ICT Indicators Database,0,Units,A,Normal value,PU,Public,,,,,,,,0.0,15.0,15.0,15.0,,15.0,15.0,15.0,50.0,,
A,Annual,GAB,Gabon,ITU_DH_POP_COV_3G,"Population coverage, at least 3G",PT_POP,Percentage of population,MEAN,Mean,ITU_DH,ICT Indicators Database,0,Units,A,Normal value,PU,Public,,,,,,,,75.0,97.0,92.0,95.0,97.0,97.0,98.0,98.0,98.0,98.0,98.0
A,Annual,GBR,United Kingdom,ITU_DH_POP_COV_3G,"Population coverage, at least 3G",PT_POP,Percentage of population,MEAN,Mean,ITU_DH,ICT Indicators Database,0,Units,A,Normal value,PU,Public,,90.0,93.0,95.0,99.1,99.1,99.2,99.3,99.6,99.6,99.6,99.7,99.7,99.9,99.9,99.9,99.9,99.9
A,Annual,GEO,Georgia,ITU_DH_POP_COV_3G,"Population coverage, at least 3G",PT_POP,Percentage of population,MEAN,Mean,ITU_DH,ICT Indicators Database,0,Units,A,Normal value,PU,Public,,,,,,74.35,80.79,99.0,99.0,99.85,99.98,99.98,99.98,99.98,99.98,99.9,99.9,99.9
A,Annual,GHA,Ghana,ITU_DH_POP_COV_3G,"Population coverage, at least 3G",PT_POP,Percentage of population,MEAN,Mean,ITU_DH,ICT Indicators Database,0,Units,A,Normal value,PU,Public,,,35.0,36.0,38.0,40.0,,70.0,80.0,80.0,80.0,80.0,95.82,95.82,95.82,95.82,99.5,99.5
A,Annual,GIB,Gibraltar,ITU_DH_POP_COV_3G,"Population coverage, at least 3G",PT_POP,Percentage of population,MEAN,Mean,ITU_DH,ICT Indicators Database,0,Units,A,Normal value,PU,Public,,,,,,73.52,79.89,100.0,100.0,100.0,100.0,100.0,100.0,100.0,100.0,100.0,,
A,Annual,GIN,Guinea,ITU_DH_POP_COV_3G,"Population coverage, at least 3G",PT_POP,Percentage of population,MEAN,Mean,ITU_DH,ICT Indicators Database,0,Units,A,Normal value,PU,Public,,,,,,,,0.0,39.1,,,31.0,40.0,40.0,40.0,40.0,77.0,
A,Annual,GMB,"Gambia, The",ITU_DH_POP_COV_3G,"Population coverage, at least 3G",PT_POP,Percentage of population,MEAN,Mean,ITU_DH,ICT Indicators Database,0,Units,A,Normal value,PU,Public,,,50.0,,,35.07,46.57,50.0,86.0,86.0,86.0,88.0,88.0,88.0,88.0,88.0,,92.8
A,Annual,GNB,Guinea-Bissau,ITU_DH_POP_COV_3G,"Population coverage, at least 3G",PT_POP,Percentage of population,MEAN,Mean,ITU_DH,ICT Indicators Database,0,Units,A,Normal value,PU,Public,,,,,,,,,20.368,30.0,,,30.0,32.64,43.0,48.0,53.0,
A,Annual,GNQ,Equatorial Guinea,ITU_DH_POP_COV_3G,"Population coverage, at least 3G",PT_POP,Percentage of population,MEAN,Mean,ITU_DH,ICT Indicators Database,0,Units,A,Normal value,PU,Public,,,,,,,,,0.0,10.95,50.0,60.0,60.0,60.0,65.0,65.0,,
A,Annual,GRC,Greece,ITU_DH_POP_COV_3G,"Population coverage, at least 3G",PT_POP,Percentage of population,MEAN,Mean,ITU_DH,ICT Indicators Database,0,Units,A,Normal value,PU,Public,,88.0,74.5,96.0,98.0,98.0,98.7,98.7,99.3,99.4,99.6,99.7,99.7,99.7,99.7,99.7,99.8,99.9
A,Annual,GRD,Grenada,ITU_DH_POP_COV_3G,"Population coverage, at least 3G",PT_POP,Percentage of population,MEAN,Mean,ITU_DH,ICT Indicators Database,0,Units,A,Normal value,PU,Public,,,,,,,,100.0,75.0,81.85,81.85,,81.85,95.0,98.5,98.5,,
A,Annual,GRL,Greenland,ITU_DH_POP_COV_3G,"Population coverage, at least 3G",PT_POP,Percentage of population,MEAN,Mean,ITU_DH,ICT Indicators Database,0,Units,A,Normal value,PU,Public,0.0,0.0,0.0,25.0,34.0,49.0,,49.0,49.0,99.0,88.3,100.0,100.0,100.0,100.0,100.0,,
A,Annual,GTM,Guatemala,ITU_DH_POP_COV_3G,"Population coverage, at least 3G",PT_POP,Percentage of population,MEAN,Mean,ITU_DH,ICT Indicators Database,0,Units,A,Normal value,PU,Public,,,,,,53.0,86.0,92.0,92.0,95.0,95.0,95.0,95.0,95.0,95.0,95.0,95.0,
A,Annual,GUM,Guam,ITU_DH_POP_COV_3G,"Population coverage, at least 3G",PT_POP,Percentage of population,MEAN,Mean,ITU_DH,ICT Indicators Database,0,Units,A,Normal value,PU,Public,,,,,,57.14,72.22,78.48,85.28,92.67,,,92.67,92.67,92.67,92.67,,
A,Annual,GUY,Guyana,ITU_DH_POP_COV_3G,"Population coverage, at least 3G",PT_POP,Percentage of population,MEAN,Mean,ITU_DH,ICT Indicators Database,0,Units,A,Normal value,PU,Public,0.0,0.0,0.0,0.0,0.0,,,0.0,0.0,93.0,93.2,,93.2,93.2,93.2,93.2,,
A,Annual,HIC,High income,ITU_DH_POP_COV_3G,"Population coverage, at least 3G",PT_POP,Percentage of population,MEAN,Mean,ITU_DH,ICT Indicators Database,0,Units,A,Normal value,PU,Public,,,,83.58711111111111,85.29857142857144,85.13357142857143,88.92532258064514,89.51118421052631,92.87469135802468,96.112375,97.5434722222222,98.55615384615383,97.34851851851852,97.45444444444443,97.59308641975308,97.5728048780488,99.1488524590164,99.4753846153846
A,Annual,HKG,"Hong Kong SAR, China",ITU_DH_POP_COV_3G,"Population coverage, at least 3G",PT_POP,Percentage of population,MEAN,Mean,ITU_DH,ICT Indicators Database,0,Units,A,Normal value,PU,Public,,,99.0,99.0,99.0,99.0,99.0,99.0,99.0,99.0,99.0,99.0,99.0,99.0,99.0,99.0,99.0,99.0
A,Annual,HND,Honduras,ITU_DH_POP_COV_3G,"Population coverage, at least 3G",PT_POP,Percentage of population,MEAN,Mean,ITU_DH,ICT Indicators Database,0,Units,A,Normal value,PU,Public,,,,,,66.76,75.84,79.79,83.12,61.28,76.78,78.36,74.78,80.7,82.05,86.2,93.0,93.0
A,Annual,HPC,Heavily indebted poor countries (HIPC),ITU_DH_POP_COV_3G,"Population coverage, at least 3G",PT_POP,Percentage of population,MEAN,Mean,ITU_DH,ICT Indicators Database,0,Units,A,Normal value,PU,Public,,,,,,26.644761904761904,,30.982,41.20363157894737,51.568378378378384,59.708000000000006,66.281,68.7821052631579,70.98947368421052,72.79434615384615,76.01102564102564,82.99778965517241,
A,Annual,HRV,Croatia,ITU_DH_POP_COV_3G,"Population coverage, at least 3G",PT_POP,Percentage of population,MEAN,Mean,ITU_DH,ICT Indicators Database,0,Units,A,Normal value,PU,Public,,,75.5,78.8,81.0,93.74,98.6,98.95,99.06,99.14,99.34,99.4,99.84,99.85,99.99,99.88,99.79,99.79
A,Annual,HTI,Haiti,ITU_DH_POP_COV_3G,"Population coverage, at least 3G",PT_POP,Percentage of population,MEAN,Mean,ITU_DH,ICT Indicators Database,0,Units,A,Normal value,PU,Public,,,,,,24.71,34.78,40.0,40.0,40.0,40.0,60.0,60.0,60.0,60.0,67.54,,
A,Annual,HUN,Hungary,ITU_DH_POP_COV_3G,"Population coverage, at least 3G",PT_POP,Percentage of population,MEAN,Mean,ITU_DH,ICT Indicators Database,0,Units,A,Normal value,PU,Public,,70.0,79.0,66.0,71.0,97.4,,98.4,99.0,99.0,99.0,99.2,99.2,99.2,99.2,99.2,99.2,
A,Annual,IBD,IBRD only,ITU_DH_POP_COV_3G,"Population coverage, at least 3G",PT_POP,Percentage of population,MEAN,Mean,ITU_DH,ICT Indicators Database,0,Units,A,Normal value,PU,Public,,,,,,69.77921568627451,75.15859999999999,77.0542857142857,83.43268656716417,89.14298507462686,92.19507692307693,93.9755737704918,94.63761194029853,95.02701492537314,95.34492537313432,95.99462686567163,97.2536206896552,97.75942307692308
A,Annual,IBT,IDA & IBRD total,ITU_DH_POP_COV_3G,"Population coverage, at least 3G",PT_POP,Percentage of population,MEAN,Mean,ITU_DH,ICT Indicators Database,0,Units,A,Normal value,PU,Public,,,,,,52.57384615384615,60.19333333333334,57.759850746268654,66.60337762237762,74.69539568345324,79.9305223880597,84.44487394957982,84.12107142857144,85.24528571428571,86.17610763888888,88.00618055555555,91.67164513274336,95.9201086956522
A,Annual,IDA,IDA total,ITU_DH_POP_COV_3G,"Population coverage, at least 3G",PT_POP,Percentage of population,MEAN,Mean,ITU_DH,ICT Indicators Database,0,Units,A,Normal value,PU,Public,,,,,,30.637,,40.6394366197183,51.76701315789473,61.25111111111111,68.37695652173913,74.42120689655172,74.46890410958905,76.26753424657534,78.19804545454545,81.0551948051948,85.7851981818182,93.529
A,Annual,IDB,IDA blend,ITU_DH_POP_COV_3G,"Population coverage, at least 3G",PT_POP,Percentage of population,MEAN,Mean,ITU_DH,ICT Indicators Database,0,Units,A,Normal value,PU,Public,,,,,,,,49.581875,64.48735294117648,74.87400000000001,84.46466666666667,88.19615384615385,84.4464705882353,86.62117647058824,90.4061111111111,91.165,89.33692307692309,92.765
A,Annual,IDN,Indonesia,ITU_DH_POP_COV_3G,"Population coverage, at least 3G",PT_POP,Percentage of population,MEAN,Mean,ITU_DH,ICT Indicators Database,0,Units,A,Normal value,PU,Public,,,,,,,,60.0,60.0,74.86,93.78,97.7,96.94,96.33,96.19,96.48,98.97,99.15
A,Annual,IDX,IDA only,ITU_DH_POP_COV_3G,"Population coverage, at least 3G",PT_POP,Percentage of population,MEAN,Mean,ITU_DH,ICT Indicators Database,0,Units,A,Normal value,PU,Public,,,,,,30.3334375,41.60935483870968,38.038,48.10183050847457,57.6661403508772,63.90814814814815,70.44177777777779,71.44000000000001,73.1244642857143,74.47355084745763,77.97084745762712,84.68585476190476,
A,Annual,IND,India,ITU_DH_POP_COV_3G,"Population coverage, at least 3G",PT_POP,Percentage of population,MEAN,Mean,ITU_DH,ICT Indicators Database,0,Units,A,Normal value,PU,Public,0.0,0.0,0.08,,,36.53,47.26,61.0,74.0,79.67,88.0,94.0,98.15,98.56,98.82,98.82,98.9,99.06
A,Annual,IRL,Ireland,ITU_DH_POP_COV_3G,"Population coverage, at least 3G",PT_POP,Percentage of population,MEAN,Mean,ITU_DH,ICT Indicators Database,0,Units,A,Normal value,PU,Public,,89.0,,,95.0,95.0,95.0,95.0,95.0,95.0,95.0,95.0,95.0,95.0,95.0,95.0,99.9,99.9
A,Annual,IRN,"Iran, Islamic Rep.",ITU_DH_POP_COV_3G,"Population coverage, at least 3G",PT_POP,Percentage of population,MEAN,Mean,ITU_DH,ICT Indicators Database,0,Units,A,Normal value,PU,Public,,,,0.0,0.0,40.83,48.0,52.0,59.81,62.67,77.0,79.0,85.0,85.0,85.0,85.0,92.0,96.83
A,Annual,IRQ,Iraq,ITU_DH_POP_COV_3G,"Population coverage, at least 3G",PT_POP,Percentage of population,MEAN,Mean,ITU_DH,ICT Indicators Database,0,Units,A,Normal value,PU,Public,,,,,,25.0,25.0,60.0,55.0,73.0,85.59,94.57,96.5,96.85,96.87,98.19,98.2,99.22
A,Annual,ISL,Iceland,ITU_DH_POP_COV_3G,"Population coverage, at least 3G",PT_POP,Percentage of population,MEAN,Mean,ITU_DH,ICT Indicators Database,0,Units,A,Normal value,PU,Public,63.0,,87.0,92.0,96.0,96.0,96.0,98.0,99.0,99.0,99.0,99.0,99.0,99.98,99.4,99.4,99.4,99.5
A,Annual,ISR,Israel,ITU_DH_POP_COV_3G,"Population coverage, at least 3G",PT_POP,Percentage of population,MEAN,Mean,ITU_DH,ICT Indicators Database,0,Units,A,Normal value,PU,Public,,,,99.0,99.0,99.0,99.0,99.0,99.0,99.0,99.0,99.0,99.0,99.0,99.0,99.0,99.0,99.0
A,Annual,ITA,Italy,ITU_DH_POP_COV_3G,"Population coverage, at least 3G",PT_POP,Percentage of population,MEAN,Mean,ITU_DH,ICT Indicators Database,0,Units,A,Normal value,PU,Public,,62.0,70.0,80.0,98.0,99.0,99.7,99.0,100.0,100.0,100.0,100.0,100.0,100.0,100.0,100.0,100.0,100.0
A,Annual,JAM,Jamaica,ITU_DH_POP_COV_3G,"Population coverage, at least 3G",PT_POP,Percentage of population,MEAN,Mean,ITU_DH,ICT Indicators Database,0,Units,A,Normal value,PU,Public,,,,,,,,60.0,90.0,95.0,95.0,98.0,99.0,99.0,99.0,99.0,99.0,99.0
A,Annual,JOR,Jordan,ITU_DH_POP_COV_3G,"Population coverage, at least 3G",PT_POP,Percentage of population,MEAN,Mean,ITU_DH,ICT Indicators Database,0,Units,A,Normal value,PU,Public,,,,50.0,70.0,90.0,98.0,99.0,99.0,97.5,99.2,99.8,99.8,99.8,99.8,99.8,99.5,99.9
A,Annual,JPN,Japan,ITU_DH_POP_COV_3G,"Population coverage, at least 3G",PT_POP,Percentage of population,MEAN,Mean,ITU_DH,ICT Indicators Database,0,Units,A,Normal value,PU,Public,,,,,,99.9,99.9,99.9,99.9,99.9,99.9,99.9,99.9,99.9,99.9,99.9,99.9,
A,Annual,KAZ,Kazakhstan,ITU_DH_POP_COV_3G,"Population coverage, at least 3G",PT_POP,Percentage of population,MEAN,Mean,ITU_DH,ICT Indicators Database,0,Units,A,Normal value,PU,Public,,,,,,45.73,59.0,59.0,72.7,86.8,87.5,87.9,88.8,93.4,96.0,97.7,95.0,92.2
A,Annual,KEN,Kenya,ITU_DH_POP_COV_3G,"Population coverage, at least 3G",PT_POP,Percentage of population,MEAN,Mean,ITU_DH,ICT Indicators Database,0,Units,A,Normal value,PU,Public,,,,,,,,50.0,69.0,78.0,85.0,86.0,93.3,94.0,95.0,98.0,98.0,98.0
A,Annual,KGZ,Kyrgyz Republic,ITU_DH_POP_COV_3G,"Population coverage, at least 3G",PT_POP,Percentage of population,MEAN,Mean,ITU_DH,ICT Indicators Database,0,Units,A,Normal value,PU,Public,,,,,32.0,46.32,51.0,57.0,59.0,60.0,75.0,88.0,91.0,91.0,97.0,98.0,99.5,99.6
A,Annual,KHM,Cambodia,ITU_DH_POP_COV_3G,"Population coverage, at least 3G",PT_POP,Percentage of population,MEAN,Mean,ITU_DH,ICT Indicators Database,0,Units,A,Normal value,PU,Public,,,43.0,,,,,60.0,70.0,80.0,83.9,85.1,85.1,91.5,92.1,92.1,93.1,93.2
A,Annual,KIR,Kiribati,ITU_DH_POP_COV_3G,"Population coverage, at least 3G",PT_POP,Percentage of population,MEAN,Mean,ITU_DH,ICT Indicators Database,0,Units,A,Normal value,PU,Public,,,,,,,15.0,22.36,19.0,49.0,66.0,67.0,71.0,72.1,71.0,73.0,75.0,76.0
A,Annual,KNA,St. Kitts and Nevis,ITU_DH_POP_COV_3G,"Population coverage, at least 3G",PT_POP,Percentage of population,MEAN,Mean,ITU_DH,ICT Indicators Database,0,Units,A,Normal value,PU,Public,,,,,,15.0,33.75,100.0,100.0,100.0,100.0,,100.0,100.0,100.0,100.0,,
A,Annual,KOR,"Korea, Rep.",ITU_DH_POP_COV_3G,"Population coverage, at least 3G",PT_POP,Percentage of population,MEAN,Mean,ITU_DH,ICT Indicators Database,0,Units,A,Normal value,PU,Public,99.0,99.0,99.0,99.0,99.0,99.0,99.0,99.0,99.0,99.9,99.9,99.9,99.9,99.9,99.9,99.9,99.9,99.9
A,Annual,KWT,Kuwait,ITU_DH_POP_COV_3G,"Population coverage, at least 3G",PT_POP,Percentage of population,MEAN,Mean,ITU_DH,ICT Indicators Database,0,Units,A,Normal value,PU,Public,,,,,,95.0,,,97.2,100.0,99.8,100.0,100.0,100.0,100.0,100.0,100.0,
A,Annual,LAC,Latin America & Caribbean (excluding high income),ITU_DH_POP_COV_3G,"Population coverage, at least 3G",PT_POP,Percentage of population,MEAN,Mean,ITU_DH,ICT Indicators Database,0,Units,A,Normal value,PU,Public,,,,,,56.21142857142858,60.86461538461538,60.26409090909092,74.90260869565218,81.77047619047619,86.79380952380953,89.9395238095238,89.94954545454544,90.845,91.36652173913043,92.90782608695652,93.5470588235294,94.97625
A,Annual,LAO,Lao PDR,ITU_DH_POP_COV_3G,"Population coverage, at least 3G",PT_POP,Percentage of population,MEAN,Mean,ITU_DH,ICT Indicators Database,0,Units,A,Normal value,PU,Public,0.0,0.0,,17.0,18.0,19.0,40.0,60.0,65.0,69.0,78.0,78.0,82.0,82.0,85.0,91.18,85.0,
A,Annual,LBN,Lebanon,ITU_DH_POP_COV_3G,"Population coverage, at least 3G",PT_POP,Percentage of population,MEAN,Mean,ITU_DH,ICT Indicators Database,0,Units,A,Normal value,PU,Public,,,0.0,0.0,50.0,90.0,,90.0,97.0,98.18,98.19,98.4,99.61,99.61,99.61,99.61,,
A,Annual,LBR,Liberia,ITU_DH_POP_COV_3G,"Population coverage, at least 3G",PT_POP,Percentage of population,MEAN,Mean,ITU_DH,ICT Indicators Database,0,Units,A,Normal value,PU,Public,,,,,,25.0,50.0,50.0,50.0,63.0,63.0,,63.0,63.0,63.0,76.0,85.4,
A,Annual,LBY,Libya,ITU_DH_POP_COV_3G,"Population coverage, at least 3G",PT_POP,Percentage of population,MEAN,Mean,ITU_DH,ICT Indicators Database,0,Units,A,Normal value,PU,Public,,,,,,,,0.0,50.0,78.0,78.0,78.0,78.0,78.0,72.0,93.5,,
A,Annual,LCA,St. Lucia,ITU_DH_POP_COV_3G,"Population coverage, at least 3G",PT_POP,Percentage of population,MEAN,Mean,ITU_DH,ICT Indicators Database,0,Units,A,Normal value,PU,Public,,,0.0,0.0,0.0,,,0.0,37.1,,,,,,100.0,100.0,,
A,Annual,LCN,Latin America & Caribbean,ITU_DH_POP_COV_3G,"Population coverage, at least 3G",PT_POP,Percentage of population,MEAN,Mean,ITU_DH,ICT Indicators Database,0,Units,A,Normal value,PU,Public,,,,,,56.47962962962962,65.67777777777779,66.20575000000001,79.15219512195121,87.22128205128206,89.77457142857143,91.8848387096774,92.35692307692308,92.8876923076923,93.1515,93.97365853658536,94.368,95.27363636363636
A,Annual,LDC,Least developed countries: UN classification,ITU_DH_POP_COV_3G,"Population coverage, at least 3G",PT_POP,Percentage of population,MEAN,Mean,ITU_DH,ICT Indicators Database,0,Units,A,Normal value,PU,Public,,,,,,25.11347826086956,,35.83975609756097,43.20973333333333,51.98727272727273,59.72761904761904,67.17,68.0032558139535,69.5732558139535,70.79376666666667,73.82377777777778,81.90693823529412,
A,Annual,LIC,Low income,ITU_DH_POP_COV_3G,"Population coverage, at least 3G",PT_POP,Percentage of population,MEAN,Mean,ITU_DH,ICT Indicators Database,0,Units,A,Normal value,PU,Public,,,,,,24.502857142857145,,30.218260869565217,37.83232,44.7832,50.73,57.87611111111111,62.37695652173913,64.81304347826087,65.96238,70.95307692307694,75.63504736842106,
A,Annual,LIE,Liechtenstein,ITU_DH_POP_COV_3G,"Population coverage, at least 3G",PT_POP,Percentage of population,MEAN,Mean,ITU_DH,ICT Indicators Database,0,Units,A,Normal value,PU,Public,,,,,,98.0,99.0,99.0,99.0,99.0,99.0,99.0,99.0,99.0,99.0,99.0,99.0,99.0
A,Annual,LKA,Sri Lanka,ITU_DH_POP_COV_3G,"Population coverage, at least 3G",PT_POP,Percentage of population,MEAN,Mean,ITU_DH,ICT Indicators Database,0,Units,A,Normal value,PU,Public,,,,,,72.0,72.0,72.0,83.0,85.0,88.0,86.0,89.0,96.0,96.0,97.0,97.0,97.4
A,Annual,LMC,Lower middle income,ITU_DH_POP_COV_3G,"Population coverage, at least 3G",PT_POP,Percentage of population,MEAN,Mean,ITU_DH,ICT Indicators Database,0,Units,A,Normal value,PU,Public,,,,,,40.97212121212121,48.09464285714286,49.81541666666667,59.1047,68.53145833333333,76.3636170212766,82.04636363636364,80.64294117647059,81.67803921568627,83.74392156862746,85.97803921568628,91.1004761904762,93.63714285714286
A,Annual,LMY,Low & middle income,ITU_DH_POP_COV_3G,"Population coverage, at least 3G",PT_POP,Percentage of population,MEAN,Mean,ITU_DH,ICT Indicators Database,0,Units,A,Normal value,PU,Public,,,,,,48.3325,54.5661038961039,53.737933884297526,62.9404140625,70.93766129032258,77.12466666666666,82.89348623853212,82.19647999999998,83.44431999999999,84.52511240310078,86.60984615384615,90.57209611650484,95.48795180722892
A,Annual,LSO,Lesotho,ITU_DH_POP_COV_3G,"Population coverage, at least 3G",PT_POP,Percentage of population,MEAN,Mean,ITU_DH,ICT Indicators Database,0,Units,A,Normal value,PU,Public,,,,,,32.0,76.41,91.96,95.6,96.0,97.84,97.84,98.0,98.0,95.0,95.8,95.8,95.8
A,Annual,LTE,Late-demographic dividend,ITU_DH_POP_COV_3G,"Population coverage, at least 3G",PT_POP,Percentage of population,MEAN,Mean,ITU_DH,ICT Indicators Database,0,Units,A,Normal value,PU,Public,,,,,,76.43162790697674,79.2492857142857,78.9786,88.38358490566037,93.94078431372547,95.46395833333334,96.81804347826088,96.79634615384614,97.14673076923076,97.5424528301887,97.68722222222222,98.70000000000002,98.71441860465116
A,Annual,LTU,Lithuania,ITU_DH_POP_COV_3G,"Population coverage, at least 3G",PT_POP,Percentage of population,MEAN,Mean,ITU_DH,ICT Indicators Database,0,Units,A,Normal value,PU,Public,,,75.5,46.0,40.0,54.0,94.0,99.0,99.98,99.98,99.99,99.99,99.99,99.99,99.99,99.99,99.99,99.99
A,Annual,LUX,Luxembourg,ITU_DH_POP_COV_3G,"Population coverage, at least 3G",PT_POP,Percentage of population,MEAN,Mean,ITU_DH,ICT Indicators Database,0,Units,A,Normal value,PU,Public,,90.0,80.0,90.0,,95.0,,97.0,99.0,99.0,99.0,99.0,99.0,99.0,99.0,100.0,100.0,
A,Annual,LVA,Latvia,ITU_DH_POP_COV_3G,"Population coverage, at least 3G",PT_POP,Percentage of population,MEAN,Mean,ITU_DH,ICT Indicators Database,0,Units,A,Normal value,PU,Public,,,,,,95.0,95.0,95.0,95.0,99.0,99.0,,99.0,99.0,99.0,99.0,99.0,99.0
A,Annual,MAC,"Macao SAR, China",ITU_DH_POP_COV_3G,"Population coverage, at least 3G",PT_POP,Percentage of population,MEAN,Mean,ITU_DH,ICT Indicators Database,0,Units,A,Normal value,PU,Public,,98.9,99.1,99.9,99.9,99.9,99.9,99.9,99.9,99.9,99.9,,99.9,99.9,99.8,99.8,99.8,99.7
A,Annual,MAR,Morocco,ITU_DH_POP_COV_3G,"Population coverage, at least 3G",PT_POP,Percentage of population,MEAN,Mean,ITU_DH,ICT Indicators Database,0,Units,A,Normal value,PU,Public,,68.0,69.0,69.0,75.0,75.0,75.0,80.0,80.0,95.0,96.0,98.0,98.97,99.0,99.32,99.5,99.7,
A,Annual,MCO,Monaco,ITU_DH_POP_COV_3G,"Population coverage, at least 3G",PT_POP,Percentage of population,MEAN,Mean,ITU_DH,ICT Indicators Database,0,Units,A,Normal value,PU,Public,,,,100.0,100.0,100.0,100.0,100.0,100.0,100.0,100.0,100.0,100.0,100.0,100.0,100.0,100.0,100.0
A,Annual,MDA,Moldova,ITU_DH_POP_COV_3G,"Population coverage, at least 3G",PT_POP,Percentage of population,MEAN,Mean,ITU_DH,ICT Indicators Database,0,Units,A,Normal value,PU,Public,,,61.9,,99.0,99.0,99.0,99.0,99.0,99.0,99.5,99.8,99.9,99.9,99.9,99.9,99.9,99.9
A,Annual,MDG,Madagascar,ITU_DH_POP_COV_3G,"Population coverage, at least 3G",PT_POP,Percentage of population,MEAN,Mean,ITU_DH,ICT Indicators Database,0,Units,A,Normal value,PU,Public,,,,,,,,30.0,61.0,63.01,64.0,65.0,65.0,65.0,67.1,67.23,68.16,
A,Annual,MDV,Maldives,ITU_DH_POP_COV_3G,"Population coverage, at least 3G",PT_POP,Percentage of population,MEAN,Mean,ITU_DH,ICT Indicators Database,0,Units,A,Normal value,PU,Public,,,41.82,57.1,75.2,78.0,83.0,83.0,100.0,100.0,100.0,100.0,100.0,100.0,100.0,100.0,100.0,100.0
A,Annual,MEA,Middle East and North Africa,ITU_DH_POP_COV_3G,"Population coverage, at least 3G",PT_POP,Percentage of population,MEAN,Mean,ITU_DH,ICT Indicators Database,0,Units,A,Normal value,PU,Public,,,,53.836666666666666,62.52,73.56555555555556,70.83411764705883,68.4765,76.79571428571428,85.7947619047619,88.3595,92.7115,93.544,93.8465,93.15571428571428,94.87,95.09894736842108,99.4423076923077
A,Annual,MEX,Mexico,ITU_DH_POP_COV_3G,"Population coverage, at least 3G",PT_POP,Percentage of population,MEAN,Mean,ITU_DH,ICT Indicators Database,0,Units,A,Normal value,PU,Public,,,,,,91.71,95.0,95.0,89.0,89.0,,89.64,95.01,95.58,95.68,96.05,97.01,97.4
A,Annual,MIC,Middle income,ITU_DH_POP_COV_3G,"Population coverage, at least 3G",PT_POP,Percentage of population,MEAN,Mean,ITU_DH,ICT Indicators Database,0,Units,A,Normal value,PU,Public,,,,,,53.38727272727272,58.43421875,59.25785714285714,69.03461165048543,77.54232323232323,83.38319587628867,87.84197802197802,86.6655882352941,87.64549019607841,88.9873076923077,90.52403846153848,93.9507142857143,95.64432432432432
A,Annual,MKD,North Macedonia,ITU_DH_POP_COV_3G,"Population coverage, at least 3G",PT_POP,Percentage of population,MEAN,Mean,ITU_DH,ICT Indicators Database,0,Units,A,Normal value,PU,Public,,,,67.0,,,,67.0,98.07,99.02,99.2,99.88,99.88,99.88,99.88,99.85,99.93,99.87
A,Annual,MLI,Mali,ITU_DH_POP_COV_3G,"Population coverage, at least 3G",PT_POP,Percentage of population,MEAN,Mean,ITU_DH,ICT Indicators Database,0,Units,A,Normal value,PU,Public,,,,,,,,0.0,10.0,23.0,29.04,55.0,60.0,65.0,68.0,70.0,81.0,
A,Annual,MLT,Malta,ITU_DH_POP_COV_3G,"Population coverage, at least 3G",PT_POP,Percentage of population,MEAN,Mean,ITU_DH,ICT Indicators Database,0,Units,A,Normal value,PU,Public,,,,,,88.64,96.32,99.0,100.0,100.0,100.0,100.0,100.0,100.0,100.0,100.0,100.0,100.0
A,Annual,MMR,Myanmar,ITU_DH_POP_COV_3G,"Population coverage, at least 3G",PT_POP,Percentage of population,MEAN,Mean,ITU_DH,ICT Indicators Database,0,Units,A,Normal value,PU,Public,,,,,,9.72,13.31,50.0,79.3,90.45,90.45,94.15,96.3,93.85,94.31,95.42,95.44,95.44
A,Annual,MNA,Middle East & North Africa (excluding high income),ITU_DH_POP_COV_3G,"Population coverage, at least 3G",PT_POP,Percentage of population,MEAN,Mean,ITU_DH,ICT Indicators Database,0,Units,A,Normal value,PU,Public,,,,30.166666666666668,42.44444444444444,56.276,52.676,52.74076923076923,63.73923076923077,77.68384615384615,80.97416666666668,88.16083333333331,89.47666666666667,89.95249999999999,89.02153846153846,91.79,91.62545454545456,
A,Annual,MNE,Montenegro,ITU_DH_POP_COV_3G,"Population coverage, at least 3G",PT_POP,Percentage of population,MEAN,Mean,ITU_DH,ICT Indicators Database,0,Units,A,Normal value,PU,Public,,,,72.0,,75.28,81.81,97.2,97.2,95.0,98.0,98.0,98.0,98.34,98.01,97.98,97.97,98.1
A,Annual,MNG,Mongolia,ITU_DH_POP_COV_3G,"Population coverage, at least 3G",PT_POP,Percentage of population,MEAN,Mean,ITU_DH,ICT Indicators Database,0,Units,A,Normal value,PU,Public,,39.9,46.9,49.8,49.9,52.8,,52.8,95.0,95.0,95.0,95.0,96.0,100.0,100.0,100.0,100.0,100.0
A,Annual,MNP,Northern Mariana Islands,ITU_DH_POP_COV_3G,"Population coverage, at least 3G",PT_POP,Percentage of population,MEAN,Mean,ITU_DH,ICT Indicators Database,0,Units,A,Normal value,PU,Public,,,,,,,,16.57,24.71,34.78,,,34.78,34.78,34.78,34.78,,
A,Annual,MOZ,Mozambique,ITU_DH_POP_COV_3G,"Population coverage, at least 3G",PT_POP,Percentage of population,MEAN,Mean,ITU_DH,ICT Indicators Database,0,Units,A,Normal value,PU,Public,,,,,,31.73,31.73,40.0,40.0,75.0,80.0,82.0,82.0,85.0,85.0,85.0,,86.0
A,Annual,MRT,Mauritania,ITU_DH_POP_COV_3G,"Population coverage, at least 3G",PT_POP,Percentage of population,MEAN,Mean,ITU_DH,ICT Indicators Database,0,Units,A,Normal value,PU,Public,,,,,,,,0.0,30.0,41.0,42.07,43.0,43.3,43.5,43.7,43.9,,
A,Annual,MUS,Mauritius,ITU_DH_POP_COV_3G,"Population coverage, at least 3G",PT_POP,Percentage of population,MEAN,Mean,ITU_DH,ICT Indicators Database,0,Units,A,Normal value,PU,Public,,,,,,90.0,90.0,90.0,92.8,95.4,99.0,99.0,99.0,99.0,99.0,99.0,99.0,99.0
A,Annual,MWI,Malawi,ITU_DH_POP_COV_3G,"Population coverage, at least 3G",PT_POP,Percentage of population,MEAN,Mean,ITU_DH,ICT Indicators Database,0,Units,A,Normal value,PU,Public,,,,,,2.0,5.0,5.0,32.0,42.0,50.0,54.0,78.0,82.0,84.4,85.9,88.69,89.39
A,Annual,MYS,Malaysia,ITU_DH_POP_COV_3G,"Population coverage, at least 3G",PT_POP,Percentage of population,MEAN,Mean,ITU_DH,ICT Indicators Database,0,Units,A,Normal value,PU,Public,,,74.0,81.1,81.6,82.4,83.1,88.0,92.0,95.3,93.6,94.7,95.5,95.3,95.4,96.9,97.1,98.6
A,Annual,NAC,North America,ITU_DH_POP_COV_3G,"Population coverage, at least 3G",PT_POP,Percentage of population,MEAN,Mean,ITU_DH,ICT Indicators Database,0,Units,A,Normal value,PU,Public,80.0,,97.05,98.25,94.3,98.94666666666669,,99.16666666666669,99.40000000000002,99.66,99.66666666666669,99.7,99.7,99.7,99.7,99.68333333333332,99.35,99.51666666666668
A,Annual,NAM,Namibia,ITU_DH_POP_COV_3G,"Population coverage, at least 3G",PT_POP,Percentage of population,MEAN,Mean,ITU_DH,ICT Indicators Database,0,Units,A,Normal value,PU,Public,,,,13.0,23.0,32.0,37.0,37.0,50.0,53.0,53.0,53.0,69.0,89.0,89.0,89.0,89.0,89.0
A,Annual,NCL,New Caledonia,ITU_DH_POP_COV_3G,"Population coverage, at least 3G",PT_POP,Percentage of population,MEAN,Mean,ITU_DH,ICT Indicators Database,0,Units,A,Normal value,PU,Public,0.0,0.0,0.0,,,37.23,49.44,65.65,97.4,,,,97.4,97.4,97.4,97.4,,
A,Annual,NER,Niger,ITU_DH_POP_COV_3G,"Population coverage, at least 3G",PT_POP,Percentage of population,MEAN,Mean,ITU_DH,ICT Indicators Database,0,Units,A,Normal value,PU,Public,,,,,,,,0.0,10.0,22.0,24.0,,24.0,24.0,24.0,24.0,,
A,Annual,NGA,Nigeria,ITU_DH_POP_COV_3G,"Population coverage, at least 3G",PT_POP,Percentage of population,MEAN,Mean,ITU_DH,ICT Indicators Database,0,Units,A,Normal value,PU,Public,,,,,,,,30.0,40.0,54.0,54.0,75.48,74.2,74.49,84.63,86.82,89.42,89.42
A,Annual,NIC,Nicaragua,ITU_DH_POP_COV_3G,"Population coverage, at least 3G",PT_POP,Percentage of population,MEAN,Mean,ITU_DH,ICT Indicators Database,0,Units,A,Normal value,PU,Public,,,,,,,,0.0,75.0,80.0,85.0,85.0,72.0,72.0,72.14,85.0,79.37,87.7
A,Annual,NLD,Netherlands,ITU_DH_POP_COV_3G,"Population coverage, at least 3G",PT_POP,Percentage of population,MEAN,Mean,ITU_DH,ICT Indicators Database,0,Units,A,Normal value,PU,Public,90.0,,,99.0,99.0,99.0,,99.0,99.0,99.0,99.0,99.0,99.0,99.0,99.0,99.0,99.0,99.0
A,Annual,NOR,Norway,ITU_DH_POP_COV_3G,"Population coverage, at least 3G",PT_POP,Percentage of population,MEAN,Mean,ITU_DH,ICT Indicators Database,0,Units,A,Normal value,PU,Public,90.0,,,,,90.0,97.0,98.0,99.0,99.2,99.8,99.9,99.9,99.9,99.9,99.9,,
A,Annual,NPL,Nepal,ITU_DH_POP_COV_3G,"Population coverage, at least 3G",PT_POP,Percentage of population,MEAN,Mean,ITU_DH,ICT Indicators Database,0,Units,A,Normal value,PU,Public,,,20.35,,,,,30.0,50.0,54.1,54.1,,54.1,54.1,54.1,57.17,,90.0
A,Annual,NRU,Nauru,ITU_DH_POP_COV_3G,"Population coverage, at least 3G",PT_POP,Percentage of population,MEAN,Mean,ITU_DH,ICT Indicators Database,0,Units,A,Normal value,PU,Public,,,,98.0,,98.0,98.0,98.0,98.0,98.0,98.0,,98.0,98.0,98.0,98.0,,
A,Annual,NZL,New Zealand,ITU_DH_POP_COV_3G,"Population coverage, at least 3G",PT_POP,Percentage of population,MEAN,Mean,ITU_DH,ICT Indicators Database,0,Units,A,Normal value,PU,Public,,97.0,97.0,97.0,97.0,97.0,,97.0,98.0,98.0,98.0,98.0,98.0,98.5,98.25,98.54,98.63,98.63
A,Annual,OED,OECD members,ITU_DH_POP_COV_3G,"Population coverage, at least 3G",PT_POP,Percentage of population,MEAN,Mean,ITU_DH,ICT Indicators Database,0,Units,A,Normal value,PU,Public,,81.28181818181818,84.27,88.99769230769229,91.37571428571428,91.68527777777778,93.93827586206896,96.62135135135136,98.06552631578948,98.5762162162162,98.99083333333334,98.79055555555556,99.03315789473685,99.0592105263158,98.99105263157897,99.0557894736842,99.3764864864865,99.374375
A,Annual,OMN,Oman,ITU_DH_POP_COV_3G,"Population coverage, at least 3G",PT_POP,Percentage of population,MEAN,Mean,ITU_DH,ICT Indicators Database,0,Units,A,Normal value,PU,Public,0.0,32.0,48.0,49.05,65.0,85.7,87.1,93.0,95.0,96.01,99.0,99.2,99.3,99.38,100.0,100.0,100.0,100.0
A,Annual,OSS,Other small states,ITU_DH_POP_COV_3G,"Population coverage, at least 3G",PT_POP,Percentage of population,MEAN,Mean,ITU_DH,ICT Indicators Database,0,Units,A,Normal value,PU,Public,,,,,,76.66230769230769,88.14727272727272,75.10062500000001,78.87055555555555,86.58555555555556,94.05833333333334,94.82277777777776,95.11444444444444,95.4161111111111,97.0222222222222,97.30222222222224,97.71764705882352,98.56866666666664
A,Annual,PAK,Pakistan,ITU_DH_POP_COV_3G,"Population coverage, at least 3G",PT_POP,Percentage of population,MEAN,Mean,ITU_DH,ICT Indicators Database,0,Units,A,Normal value,PU,Public,,,,,,0.0,0.0,33.0,46.0,87.0,72.0,73.0,76.6,76.7,78.1,79.9,81.0,81.0
A,Annual,PAN,Panama,ITU_DH_POP_COV_3G,"Population coverage, at least 3G",PT_POP,Percentage of population,MEAN,Mean,ITU_DH,ICT Indicators Database,0,Units,A,Normal value,PU,Public,,,,,,,,50.0,79.0,92.67,95.0,95.0,95.0,95.0,95.0,95.0,95.0,
A,Annual,PER,Peru,ITU_DH_POP_COV_3G,"Population coverage, at least 3G",PT_POP,Percentage of population,MEAN,Mean,ITU_DH,ICT Indicators Database,0,Units,A,Normal value,PU,Public,,,,55.02,62.51,79.4,,88.95,70.8,70.8,73.94,86.06,86.09,85.29,87.08,87.13,86.88,94.27
A,Annual,PHL,Philippines,ITU_DH_POP_COV_3G,"Population coverage, at least 3G",PT_POP,Percentage of population,MEAN,Mean,ITU_DH,ICT Indicators Database,0,Units,A,Normal value,PU,Public,,,69.0,69.0,70.0,73.0,75.0,78.0,78.0,93.0,93.0,96.0,93.0,96.0,96.0,98.45,98.45,98.69
A,Annual,PLW,Palau,ITU_DH_POP_COV_3G,"Population coverage, at least 3G",PT_POP,Percentage of population,MEAN,Mean,ITU_DH,ICT Indicators Database,0,Units,A,Normal value,PU,Public,,,,,,,,,88.0,88.0,,,88.0,88.0,88.0,89.0,95.0,
A,Annual,PNG,Papua New Guinea,ITU_DH_POP_COV_3G,"Population coverage, at least 3G",PT_POP,Percentage of population,MEAN,Mean,ITU_DH,ICT Indicators Database,0,Units,A,Normal value,PU,Public,,,,,,,,60.0,60.0,60.9,64.35,,64.35,64.35,64.35,64.97,70.0,76.0
A,Annual,POL,Poland,ITU_DH_POP_COV_3G,"Population coverage, at least 3G",PT_POP,Percentage of population,MEAN,Mean,ITU_DH,ICT Indicators Database,0,Units,A,Normal value,PU,Public,25.5,,56.63,61.16,82.34,80.52,93.6,99.9,100.0,100.0,100.0,100.0,100.0,100.0,100.0,100.0,100.0,100.0
A,Annual,PRE,Pre-demographic dividend,ITU_DH_POP_COV_3G,"Population coverage, at least 3G",PT_POP,Percentage of population,MEAN,Mean,ITU_DH,ICT Indicators Database,0,Units,A,Normal value,PU,Public,,,,,,,,31.361875,39.39661111111111,46.33257142857143,55.53636363636364,64.17166666666667,65.80666666666667,67.82416666666667,70.35782432432431,72.79216216216217,80.19537586206897,
A,Annual,PRI,Puerto Rico,ITU_DH_POP_COV_3G,"Population coverage, at least 3G",PT_POP,Percentage of population,MEAN,Mean,ITU_DH,ICT Indicators Database,0,Units,A,Normal value,PU,Public,,,,,,92.67,95.0,99.9,99.0,95.0,99.0,100.0,100.0,100.0,100.0,100.0,100.0,100.0
A,Annual,PRK,"Korea, Dem. People's Rep.",ITU_DH_POP_COV_3G,"Population coverage, at least 3G",PT_POP,Percentage of population,MEAN,Mean,ITU_DH,ICT Indicators Database,0,Units,A,Normal value,PU,Public,,,,,,,,,,,,,,,,94.0,,
A,Annual,PRT,Portugal,ITU_DH_POP_COV_3G,"Population coverage, at least 3G",PT_POP,Percentage of population,MEAN,Mean,ITU_DH,ICT Indicators Database,0,Units,A,Normal value,PU,Public,,,79.0,84.0,85.0,87.5,96.2,99.1,99.1,99.3,99.5,99.2,99.7,99.9,99.9,100.0,100.0,100.0
A,Annual,PRY,Paraguay,ITU_DH_POP_COV_3G,"Population coverage, at least 3G",PT_POP,Percentage of population,MEAN,Mean,ITU_DH,ICT Indicators Database,0,Units,A,Normal value,PU,Public,,,,,,,,50.0,66.0,95.4,95.97,97.7,98.11,95.13,95.22,98.44,99.61,
A,Annual,PSE,West Bank and Gaza,ITU_DH_POP_COV_3G,"Population coverage, at least 3G",PT_POP,Percentage of population,MEAN,Mean,ITU_DH,ICT Indicators Database,0,Units,A,Normal value,PU,Public,,,,0.0,0.0,0.0,0.0,0.0,0.0,0.0,0.0,57.0,57.0,55.0,59.0,58.3,58.0,
A,Annual,PSS,Pacific island small states,ITU_DH_POP_COV_3G,"Population coverage, at least 3G",PT_POP,Percentage of population,MEAN,Mean,ITU_DH,ICT Indicators Database,0,Units,A,Normal value,PU,Public,,,,,,,39.03714285714285,43.145,53.335,62.72222222222222,66.75,,71.965,72.21000000000001,72.1,77.828,,
A,Annual,PST,Post-demographic dividend,ITU_DH_POP_COV_3G,"Population coverage, at least 3G",PT_POP,Percentage of population,MEAN,Mean,ITU_DH,ICT Indicators Database,0,Units,A,Normal value,PU,Public,,83.15695652173913,79.35535714285716,83.23700000000001,83.32781250000001,89.51222222222222,89.791,93.26894736842104,94.67552631578948,96.37567567567568,97.72216216216216,98.4729411764706,98.35052631578948,98.46552631578948,98.66026315789476,98.75736842105265,98.65485714285714,98.77344827586208
A,Annual,PYF,French Polynesia,ITU_DH_POP_COV_3G,"Population coverage, at least 3G",PT_POP,Percentage of population,MEAN,Mean,ITU_DH,ICT Indicators Database,0,Units,A,Normal value,PU,Public,,15.0,30.0,45.0,68.0,78.0,80.0,80.0,85.0,85.0,85.0,88.5,88.5,88.5,90.0,90.0,90.0,
A,Annual,QAT,Qatar,ITU_DH_POP_COV_3G,"Population coverage, at least 3G",PT_POP,Percentage of population,MEAN,Mean,ITU_DH,ICT Indicators Database,0,Units,A,Normal value,PU,Public,70.0,86.0,80.0,98.0,98.0,98.0,98.0,98.0,98.0,99.64,99.7,100.0,100.0,100.0,100.0,100.0,100.0,100.0
A,Annual,ROU,Romania,ITU_DH_POP_COV_3G,"Population coverage, at least 3G",PT_POP,Percentage of population,MEAN,Mean,ITU_DH,ICT Indicators Database,0,Units,A,Normal value,PU,Public,45.0,60.0,90.0,91.0,95.0,99.8,99.8,99.8,99.9,99.96,99.96,99.96,99.96,99.98,99.98,99.83,99.86,99.64
A,Annual,RUS,Russian Federation,ITU_DH_POP_COV_3G,"Population coverage, at least 3G",PT_POP,Percentage of population,MEAN,Mean,ITU_DH,ICT Indicators Database,0,Units,A,Normal value,PU,Public,,,,,,,,,73.0,75.0,77.0,78.0,87.7,88.6,96.2,96.6,97.0,97.0
A,Annual,RWA,Rwanda,ITU_DH_POP_COV_3G,"Population coverage, at least 3G",PT_POP,Percentage of population,MEAN,Mean,ITU_DH,ICT Indicators Database,0,Units,A,Normal value,PU,Public,,,,,,18.31,88.0,88.0,88.01,92.08,93.37,96.6,98.9,98.07,98.63,98.76,99.07,99.83
A,Annual,SAS,South Asia,ITU_DH_POP_COV_3G,"Population coverage, at least 3G",PT_POP,Percentage of population,MEAN,Mean,ITU_DH,ICT Indicators Database,0,Units,A,Normal value,PU,Public,,,,,,36.855,43.82142857142857,54.1375,67.0,75.77125,78.61125000000001,84.74714285714286,83.15625,84.39500000000001,84.7775,86.69624999999999,91.40428571428572,94.88285714285716
A,Annual,SAU,Saudi Arabia,ITU_DH_POP_COV_3G,"Population coverage, at least 3G",PT_POP,Percentage of population,MEAN,Mean,ITU_DH,ICT Indicators Database,0,Units,A,Normal value,PU,Public,,,85.0,90.0,93.8,95.08,97.0,97.0,97.0,97.15,98.0,98.1,98.86,99.12,99.99,100.0,100.0,100.0
A,Annual,SDN,Sudan,ITU_DH_POP_COV_3G,"Population coverage, at least 3G",PT_POP,Percentage of population,MEAN,Mean,ITU_DH,ICT Indicators Database,0,Units,A,Normal value,PU,Public,,,15.0,,42.0,45.0,45.2,45.7,45.73,45.9,45.99,46.6,55.5,64.6,78.6,78.6,,
A,Annual,SEN,Senegal,ITU_DH_POP_COV_3G,"Population coverage, at least 3G",PT_POP,Percentage of population,MEAN,Mean,ITU_DH,ICT Indicators Database,0,Units,A,Normal value,PU,Public,,,,,,,,25.0,40.0,50.0,66.29,92.2,92.1,99.0,99.4,99.4,99.5,
A,Annual,SGP,Singapore,ITU_DH_POP_COV_3G,"Population coverage, at least 3G",PT_POP,Percentage of population,MEAN,Mean,ITU_DH,ICT Indicators Database,0,Units,A,Normal value,PU,Public,99.83,99.42,100.0,100.0,99.0,99.0,99.0,100.0,100.0,100.0,100.0,100.0,100.0,100.0,100.0,100.0,100.0,100.0
A,Annual,SLB,Solomon Islands,ITU_DH_POP_COV_3G,"Population coverage, at least 3G",PT_POP,Percentage of population,MEAN,Mean,ITU_DH,ICT Indicators Database,0,Units,A,Normal value,PU,Public,,,,,,27.14,37.63,49.99,19.0,19.0,25.0,45.0,45.0,45.0,45.0,45.0,,
A,Annual,SLE,Sierra Leone,ITU_DH_POP_COV_3G,"Population coverage, at least 3G",PT_POP,Percentage of population,MEAN,Mean,ITU_DH,ICT Indicators Database,0,Units,A,Normal value,PU,Public,,,,,,,,20.0,20.0,40.02,40.02,50.0,76.0,78.52,79.9,94.57,96.0,
A,Annual,SLV,El Salvador,ITU_DH_POP_COV_3G,"Population coverage, at least 3G",PT_POP,Percentage of population,MEAN,Mean,ITU_DH,ICT Indicators Database,0,Units,A,Normal value,PU,Public,,,,,,,,55.43,61.25,61.25,86.0,86.0,87.0,87.0,92.0,92.0,92.0,97.0
A,Annual,SMR,San Marino,ITU_DH_POP_COV_3G,"Population coverage, at least 3G",PT_POP,Percentage of population,MEAN,Mean,ITU_DH,ICT Indicators Database,0,Units,A,Normal value,PU,Public,,,,,,,,,86.0,93.0,98.0,98.0,99.0,99.0,99.0,99.0,,
A,Annual,SOM,Somalia,ITU_DH_POP_COV_3G,"Population coverage, at least 3G",PT_POP,Percentage of population,MEAN,Mean,ITU_DH,ICT Indicators Database,0,Units,A,Normal value,PU,Public,,,,0.0,10.0,30.0,,33.12,38.7,38.7,65.52,,70.0,70.0,70.0,70.0,80.0,
A,Annual,SRB,Serbia,ITU_DH_POP_COV_3G,"Population coverage, at least 3G",PT_POP,Percentage of population,MEAN,Mean,ITU_DH,ICT Indicators Database,0,Units,A,Normal value,PU,Public,,55.85,63.15,68.93,76.36,90.4,99.71,97.16,97.29,98.51,98.67,98.67,98.88,98.94,99.45,99.49,99.53,99.54
A,Annual,SSA,Sub-Saharan Africa (excluding high income),ITU_DH_POP_COV_3G,"Population coverage, at least 3G",PT_POP,Percentage of population,MEAN,Mean,ITU_DH,ICT Indicators Database,0,Units,A,Normal value,PU,Public,,,,,,34.93538461538462,,39.66761904761905,47.2084347826087,54.17066666666668,63.64418604651162,70.59230769230768,72.11652173913043,74.15282608695652,76.20062765957447,78.26553191489361,85.03912564102563,94.19653846153848
A,Annual,SSD,South Sudan,ITU_DH_POP_COV_3G,"Population coverage, at least 3G",PT_POP,Percentage of population,MEAN,Mean,ITU_DH,ICT Indicators Database,0,Units,A,Normal value,PU,Public,,,,,,,17.0,20.0,15.0,15.0,15.0,15.0,15.0,15.0,15.0,15.0,18.0,
A,Annual,SSF,Sub-Saharan Africa,ITU_DH_POP_COV_3G,"Population coverage, at least 3G",PT_POP,Percentage of population,MEAN,Mean,ITU_DH,ICT Indicators Database,0,Units,A,Normal value,PU,Public,,,,,,36.97481481481481,,40.83813953488372,48.11889361702128,54.9495652173913,64.24318181818181,71.28999999999999,72.68851063829787,74.68148936170213,76.67561458333334,78.6975,85.3881475,94.37444444444444
A,Annual,SST,Small states,ITU_DH_POP_COV_3G,"Population coverage, at least 3G",PT_POP,Percentage of population,MEAN,Mean,ITU_DH,ICT Indicators Database,0,Units,A,Normal value,PU,Public,,,,,,60.14041666666666,66.49833333333333,63.84514285714285,72.00051282051282,83.05250000000001,88.4361111111111,91.6693103448276,89.37789473684211,89.98394736842106,90.92564102564104,92.52410256410256,96.1391304347826,96.93
A,Annual,STP,Sao Tome and Principe,ITU_DH_POP_COV_3G,"Population coverage, at least 3G",PT_POP,Percentage of population,MEAN,Mean,ITU_DH,ICT Indicators Database,0,Units,A,Normal value,PU,Public,,,,,,2.0,,13.0,19.0,70.0,93.0,93.0,94.0,94.0,94.0,95.0,96.0,96.0
A,Annual,SUR,Suriname,ITU_DH_POP_COV_3G,"Population coverage, at least 3G",PT_POP,Percentage of population,MEAN,Mean,ITU_DH,ICT Indicators Database,0,Units,A,Normal value,PU,Public,,,,,,12.0,,12.0,100.0,100.0,100.0,95.0,100.0,100.0,92.0,92.0,92.0,100.0
A,Annual,SVK,Slovak Republic,ITU_DH_POP_COV_3G,"Population coverage, at least 3G",PT_POP,Percentage of population,MEAN,Mean,ITU_DH,ICT Indicators Database,0,Units,A,Normal value,PU,Public,56.0,61.1,67.8,69.2,71.1,77.0,85.0,91.0,93.0,94.0,95.0,95.0,97.0,99.0,99.0,99.0,99.0,99.0
A,Annual,SVN,Slovenia,ITU_DH_POP_COV_3G,"Population coverage, at least 3G",PT_POP,Percentage of population,MEAN,Mean,ITU_DH,ICT Indicators Database,0,Units,A,Normal value,PU,Public,72.3,72.9,73.6,84.6,90.6,91.4,92.3,99.4,98.0,98.1,98.6,99.5,99.7,99.9,99.9,99.8,99.8,99.9
A,Annual,SWE,Sweden,ITU_DH_POP_COV_3G,"Population coverage, at least 3G",PT_POP,Percentage of population,MEAN,Mean,ITU_DH,ICT Indicators Database,0,Units,A,Normal value,PU,Public,99.0,99.0,99.0,99.98,99.98,99.99,,99.99,99.99,100.0,100.0,100.0,100.0,100.0,100.0,100.0,100.0,100.0
A,Annual,SWZ,Eswatini,ITU_DH_POP_COV_3G,"Population coverage, at least 3G",PT_POP,Percentage of population,MEAN,Mean,ITU_DH,ICT Indicators Database,0,Units,A,Normal value,PU,Public,,,0.0,0.0,,,,21.0,21.0,21.21,88.0,88.0,88.0,88.0,99.1,99.1,99.1,99.1
A,Annual,SXM,Sint Maarten (Dutch part),ITU_DH_POP_COV_3G,"Population coverage, at least 3G",PT_POP,Percentage of population,MEAN,Mean,ITU_DH,ICT Indicators Database,0,Units,A,Normal value,PU,Public,,,,,,,69.14,77.07,83.75,91.01,,,,,,91.01,,
A,Annual,SYC,Seychelles,ITU_DH_POP_COV_3G,"Population coverage, at least 3G",PT_POP,Percentage of population,MEAN,Mean,ITU_DH,ICT Indicators Database,0,Units,A,Normal value,PU,Public,,,,,90.0,90.0,90.0,90.0,90.0,90.0,90.0,98.5,99.0,99.0,99.0,99.0,99.0,99.0
A,Annual,SYR,Syrian Arab Republic,ITU_DH_POP_COV_3G,"Population coverage, at least 3G",PT_POP,Percentage of population,MEAN,Mean,ITU_DH,ICT Indicators Database,0,Units,A,Normal value,PU,Public,,,0.2,0.5,13.0,13.0,26.0,26.0,70.0,78.0,80.0,88.0,88.0,94.0,97.0,98.9,98.9,99.0
A,Annual,TCA,Turks and Caicos Islands,ITU_DH_POP_COV_3G,"Population coverage, at least 3G",PT_POP,Percentage of population,MEAN,Mean,ITU_DH,ICT Indicators Database,0,Units,A,Normal value,PU,Public,,,,,,37.34,49.58,77.5,95.0,95.0,,,95.0,95.0,95.0,95.0,,
A,Annual,TCD,Chad,ITU_DH_POP_COV_3G,"Population coverage, at least 3G",PT_POP,Percentage of population,MEAN,Mean,ITU_DH,ICT Indicators Database,0,Units,A,Normal value,PU,Public,,,,,,,,11.2,13.0,22.01,32.0,42.0,43.0,48.0,59.0,68.0,75.4,84.5
A,Annual,TEA,East Asia & Pacific (IDA & IBRD),ITU_DH_POP_COV_3G,"Population coverage, at least 3G",PT_POP,Percentage of population,MEAN,Mean,ITU_DH,ICT Indicators Database,0,Units,A,Normal value,PU,Public,,,,,,,,57.27750000000001,67.75681818181819,75.84904761904761,80.829,87.821875,82.86545454545454,83.4740909090909,83.60681818181818,86.765,92.894,93.9592857142857
A,Annual,TEC,Europe & Central Asia (IDA & IBRD),ITU_DH_POP_COV_3G,"Population coverage, at least 3G",PT_POP,Percentage of population,MEAN,Mean,ITU_DH,ICT Indicators Database,0,Units,A,Normal value,PU,Public,,,,,75.7776923076923,74.23947368421051,79.55736842105263,82.9852380952381,85.42065217391306,90.98260869565216,93.30545454545457,95.50526315789472,94.99045454545454,95.6509090909091,96.87782608695652,97.28478260869564,98.631,98.93842105263155
A,Annual,TGO,Togo,ITU_DH_POP_COV_3G,"Population coverage, at least 3G",PT_POP,Percentage of population,MEAN,Mean,ITU_DH,ICT Indicators Database,0,Units,A,Normal value,PU,Public,,,,0.0,14.0,23.0,,23.0,50.0,45.0,65.0,70.0,91.0,97.0,97.0,99.0,99.7,99.7
A,Annual,THA,Thailand,ITU_DH_POP_COV_3G,"Population coverage, at least 3G",PT_POP,Percentage of population,MEAN,Mean,ITU_DH,ICT Indicators Database,0,Units,A,Normal value,PU,Public,,,,,,,80.0,97.0,97.0,98.0,98.0,98.0,98.0,98.8,98.8,98.8,99.0,99.0
A,Annual,TJK,Tajikistan,ITU_DH_POP_COV_3G,"Population coverage, at least 3G",PT_POP,Percentage of population,MEAN,Mean,ITU_DH,ICT Indicators Database,0,Units,A,Normal value,PU,Public,,,,,,,,60.0,60.0,90.0,90.0,,90.0,90.0,90.0,94.29,,
A,Annual,TKM,Turkmenistan,ITU_DH_POP_COV_3G,"Population coverage, at least 3G",PT_POP,Percentage of population,MEAN,Mean,ITU_DH,ICT Indicators Database,0,Units,A,Normal value,PU,Public,,,,,,28.53,37.92,60.0,60.0,75.8,75.8,,75.8,75.8,75.8,74.69,,
A,Annual,TLA,Latin America & Caribbean (IDA & IBRD),ITU_DH_POP_COV_3G,"Population coverage, at least 3G",PT_POP,Percentage of population,MEAN,Mean,ITU_DH,ICT Indicators Database,0,Units,A,Normal value,PU,Public,,,,,,57.153,69.25888888888889,65.89366666666668,78.79870967741937,88.05137931034481,90.14172413793102,91.67038461538462,92.19299999999998,92.799,93.0609677419355,94.20935483870969,94.64904761904762,95.9657894736842
A,Annual,TLS,Timor-Leste,ITU_DH_POP_COV_3G,"Population coverage, at least 3G",PT_POP,Percentage of population,MEAN,Mean,ITU_DH,ICT Indicators Database,0,Units,A,Normal value,PU,Public,,,,,,,,96.0,96.0,96.5,96.5,96.5,96.5,96.5,96.5,96.5,96.5,96.5
A,Annual,TMN,Middle East & North Africa (IDA & IBRD),ITU_DH_POP_COV_3G,"Population coverage, at least 3G",PT_POP,Percentage of population,MEAN,Mean,ITU_DH,ICT Indicators Database,0,Units,A,Normal value,PU,Public,,,,33.9375,47.75,62.528888888888886,58.528888888888886,57.13583333333333,69.05083333333333,84.1575,88.33545454545455,90.99363636363636,92.42909090909092,93.12999999999998,91.52333333333333,94.58083333333332,94.988,
A,Annual,TON,Tonga,ITU_DH_POP_COV_3G,"Population coverage, at least 3G",PT_POP,Percentage of population,MEAN,Mean,ITU_DH,ICT Indicators Database,0,Units,A,Normal value,PU,Public,,,,,,,15.0,45.33,70.0,95.0,95.0,96.0,99.0,99.0,99.0,99.0,,
A,Annual,TSA,South Asia (IDA & IBRD),ITU_DH_POP_COV_3G,"Population coverage, at least 3G",PT_POP,Percentage of population,MEAN,Mean,ITU_DH,ICT Indicators Database,0,Units,A,Normal value,PU,Public,,,,,,36.855,43.82142857142857,54.1375,67.0,75.77125,78.61125000000001,84.74714285714286,83.15625,84.39500000000001,84.7775,86.69624999999999,91.40428571428572,94.88285714285716
A,Annual,TSS,Sub-Saharan Africa (IDA & IBRD),ITU_DH_POP_COV_3G,"Population coverage, at least 3G",PT_POP,Percentage of population,MEAN,Mean,ITU_DH,ICT Indicators Database,0,Units,A,Normal value,PU,Public,,,,,,36.97481481481481,,40.83813953488372,48.11889361702128,54.9495652173913,64.24318181818181,71.28999999999999,72.68851063829787,74.68148936170213,76.67561458333334,78.6975,85.3881475,94.37444444444444
A,Annual,TTO,Trinidad and Tobago,ITU_DH_POP_COV_3G,"Population coverage, at least 3G",PT_POP,Percentage of population,MEAN,Mean,ITU_DH,ICT Indicators Database,0,Units,A,Normal value,PU,Public,,,,,,75.0,75.0,75.0,75.0,75.0,75.0,100.0,100.0,100.0,100.0,100.0,100.0,100.0
A,Annual,TUN,Tunisia,ITU_DH_POP_COV_3G,"Population coverage, at least 3G",PT_POP,Percentage of population,MEAN,Mean,ITU_DH,ICT Indicators Database,0,Units,A,Normal value,PU,Public,,,,65.0,83.0,84.0,87.0,90.0,94.0,99.0,99.0,99.0,99.0,99.0,99.0,99.0,99.0,99.0
A,Annual,TUR,Turkiye,ITU_DH_POP_COV_3G,"Population coverage, at least 3G",PT_POP,Percentage of population,MEAN,Mean,ITU_DH,ICT Indicators Database,0,Units,A,Normal value,PU,Public,0.0,0.0,,,,84.02,86.17,93.0,95.03,96.04,97.38,98.32,98.56,97.86,98.81,99.75,99.75,99.8
A,Annual,TUV,Tuvalu,ITU_DH_POP_COV_3G,"Population coverage, at least 3G",PT_POP,Percentage of population,MEAN,Mean,ITU_DH,ICT Indicators Database,0,Units,A,Normal value,PU,Public,,,,,,,,,19.0,20.0,48.0,,48.0,48.0,48.0,59.28,,
A,Annual,TZA,Tanzania,ITU_DH_POP_COV_3G,"Population coverage, at least 3G",PT_POP,Percentage of population,MEAN,Mean,ITU_DH,ICT Indicators Database,0,Units,A,Normal value,PU,Public,,,,70.0,80.0,85.0,85.0,85.0,85.0,85.0,85.0,85.0,85.0,85.0,85.0,85.0,86.0,91.0
A,Annual,UGA,Uganda,ITU_DH_POP_COV_3G,"Population coverage, at least 3G",PT_POP,Percentage of population,MEAN,Mean,ITU_DH,ICT Indicators Database,0,Units,A,Normal value,PU,Public,,,,42.0,42.0,45.0,,40.0,60.0,64.0,65.0,69.63,74.0,85.0,85.0,85.0,86.0,97.8
A,Annual,UKR,Ukraine,ITU_DH_POP_COV_3G,"Population coverage, at least 3G",PT_POP,Percentage of population,MEAN,Mean,ITU_DH,ICT Indicators Database,0,Units,A,Normal value,PU,Public,,0.5,0.8,1.4,1.7,2.2,1.7,1.7,35.0,90.0,90.0,,89.1,89.1,91.6,91.0,91.0,
A,Annual,UMC,Upper middle income,ITU_DH_POP_COV_3G,"Population coverage, at least 3G",PT_POP,Percentage of population,MEAN,Mean,ITU_DH,ICT Indicators Database,0,Units,A,Normal value,PU,Public,,,,,,65.80242424242424,66.47611111111111,68.32260000000001,78.40245283018868,86.02313725490197,89.9816,93.26765957446808,92.68823529411766,93.6129411764706,94.03283018867926,94.89849056603772,96.80095238095237,97.44564102564102
A,Annual,URY,Uruguay,ITU_DH_POP_COV_3G,"Population coverage, at least 3G",PT_POP,Percentage of population,MEAN,Mean,ITU_DH,ICT Indicators Database,0,Units,A,Normal value,PU,Public,,,,,,72.9,78.91,90.0,90.0,91.0,91.0,91.1,91.1,92.1,92.3,93.7,93.9,95.4
A,Annual,USA,United States,ITU_DH_POP_COV_3G,"Population coverage, at least 3G",PT_POP,Percentage of population,MEAN,Mean,ITU_DH,ICT Indicators Database,0,Units,A,Normal value,PU,Public,82.0,92.0,98.1,98.5,89.6,99.5,,99.5,99.9,99.9,99.9,99.9,99.9,99.9,99.9,99.6,99.0,99.0
A,Annual,UZB,Uzbekistan,ITU_DH_POP_COV_3G,"Population coverage, at least 3G",PT_POP,Percentage of population,MEAN,Mean,ITU_DH,ICT Indicators Database,0,Units,A,Normal value,PU,Public,,,,,,40.0,,,43.035,45.3,75.0,75.5,80.7,90.0,95.0,96.0,96.0,97.0
A,Annual,VCT,St. Vincent and the Grenadines,ITU_DH_POP_COV_3G,"Population coverage, at least 3G",PT_POP,Percentage of population,MEAN,Mean,ITU_DH,ICT Indicators Database,0,Units,A,Normal value,PU,Public,,,,,0.0,0.0,0.0,100.0,100.0,100.0,100.0,100.0,100.0,100.0,100.0,100.0,100.0,100.0
A,Annual,VEN,"Venezuela, RB",ITU_DH_POP_COV_3G,"Population coverage, at least 3G",PT_POP,Percentage of population,MEAN,Mean,ITU_DH,ICT Indicators Database,0,Units,A,Normal value,PU,Public,,,,,,54.49,69.76,90.0,90.0,90.64,90.64,81.0,82.0,82.0,82.0,82.0,85.0,85.0
A,Annual,VGB,British Virgin Islands,ITU_DH_POP_COV_3G,"Population coverage, at least 3G",PT_POP,Percentage of population,MEAN,Mean,ITU_DH,ICT Indicators Database,0,Units,A,Normal value,PU,Public,,,,,,16.57,45.4,75.8,91.0,99.0,84.0,100.0,100.0,100.0,100.0,100.0,,
A,Annual,VIR,Virgin Islands (U.S.),ITU_DH_POP_COV_3G,"Population coverage, at least 3G",PT_POP,Percentage of population,MEAN,Mean,ITU_DH,ICT Indicators Database,0,Units,A,Normal value,PU,Public,,,,,,34.78,46.19,61.34,73.73,80.13,,,80.13,80.13,80.13,80.13,,
A,Annual,VNM,Viet Nam,ITU_DH_POP_COV_3G,"Population coverage, at least 3G",PT_POP,Percentage of population,MEAN,Mean,ITU_DH,ICT Indicators Database,0,Units,A,Normal value,PU,Public,,,,,,30.96,40.58,55.0,70.0,77.32,98.0,99.6,99.8,99.8,99.8,99.85,99.85,99.85
A,Annual,VUT,Vanuatu,ITU_DH_POP_COV_3G,"Population coverage, at least 3G",PT_POP,Percentage of population,MEAN,Mean,ITU_DH,ICT Indicators Database,0,Units,A,Normal value,PU,Public,,,,,23.0,24.0,24.4,24.4,51.0,,,69.0,70.0,70.0,70.0,70.0,90.0,90.0
A,Annual,WLD,World,ITU_DH_POP_COV_3G,"Population coverage, at least 3G",PT_POP,Percentage of population,MEAN,Mean,ITU_DH,ICT Indicators Database,0,Units,A,Normal value,PU,Public,,,,,,65.4333774834437,69.89085714285716,67.65222222222222,74.61534761904763,80.85804878048779,84.81207253886011,88.70022857142858,88.12458937198068,88.91956521739131,89.5297606635071,90.8086854460094,93.70912666666666,96.9354411764706
A,Annual,WSM,Samoa,ITU_DH_POP_COV_3G,"Population coverage, at least 3G",PT_POP,Percentage of population,MEAN,Mean,ITU_DH,ICT Indicators Database,0,Units,A,Normal value,PU,Public,,,,,,31.38,53.23,75.08,86.0,84.5,91.0,,91.0,91.0,91.0,99.0,,
A,Annual,XKX,Kosovo,ITU_DH_POP_COV_3G,"Population coverage, at least 3G",PT_POP,Percentage of population,MEAN,Mean,ITU_DH,ICT Indicators Database,0,Units,A,Normal value,PU,Public,,,,,,,50.0,68.5,92.37,95.0,,,,,95.0,95.0,,
A,Annual,YEM,"Yemen, Rep.",ITU_DH_POP_COV_3G,"Population coverage, at least 3G",PT_POP,Percentage of population,MEAN,Mean,ITU_DH,ICT Indicators Database,0,Units,A,Normal value,PU,Public,,,,,,50.93,66.76,70.0,80.0,88.86,,,,,62.0,73.7,74.6,
A,Annual,ZAF,South Africa,ITU_DH_POP_COV_3G,"Population coverage, at least 3G",PT_POP,Percentage of population,MEAN,Mean,ITU_DH,ICT Indicators Database,0,Units,A,Normal value,PU,Public,,,,,,84.25,90.4,95.0,98.0,98.0,98.61,99.51,99.66,99.8,99.88,99.88,99.78,99.85
A,Annual,ZMB,Zambia,ITU_DH_POP_COV_3G,"Population coverage, at least 3G",PT_POP,Percentage of population,MEAN,Mean,ITU_DH,ICT Indicators Database,0,Units,A,Normal value,PU,Public,0.0,0.0,,15.0,40.0,,,42.0,53.0,53.0,53.0,76.5,71.8,78.1,95.5,95.5,95.5,95.5
A,Annual,ZWE,Zimbabwe,ITU_DH_POP_COV_3G,"Population coverage, at least 3G",PT_POP,Percentage of population,MEAN,Mean,ITU_DH,ICT Indicators Database,0,Units,A,Normal value,PU,Public,,,,5.0,15.0,35.0,52.0,53.0,55.1,55.25,78.2,84.0,84.2,84.28,84.31,84.33,86.8,87.9
